club,reclat_in,reclog_in,IN/OUT,date,name,clubs,reclat_out,reclog_out,contract
北海道コンサドーレ札幌,43.0177717,141.4087122,IN,2023/12/22,DF　馬場　晴也,東京Ｖ,35.66367,139.5289,新加入
ファジアーノ岡山,34.68083,133.91856,IN,2023/11/24,GK　堀田　大暉,湘南,35.34083,139.33708,完全移籍
レノファ山口ＦＣ,34.15754,131.43742,IN,2023/1/6,MF　矢島　慎也,大宮,35.91879,139.63179,新加入
レノファ山口ＦＣ,34.15754,131.43742,IN,2023/1/5,GK　チェ　ヒョンチャン,韓国鮮文大学校(韓国),36.800566462452885,127.0747214539668,新加入
レノファ山口ＦＣ,34.15754,131.43742,IN,2023/12/27,MF　田中　稔也,群馬,36.41157,139.05321,新加入
レノファ山口ＦＣ,34.15754,131.43742,IN,2023/12/27,DF　沼田　圭悟,琉球,26.30946,127.82087,新加入
レノファ山口ＦＣ,34.15754,131.43742,IN,2023/12/25,MF　小林　成豪,大分,33.20111,131.65639,新加入
レノファ山口ＦＣ,34.15754,131.43742,IN,2023/12/19,DF　国本　玲央,アルビレックス新潟シンガポール(シンガポール),1.346839,103.729939,復帰
レノファ山口ＦＣ,34.15754,131.43742,IN,2023/12/17,FW　皆川　佑介,仙台,38.31913,140.88171,新加入
レノファ山口ＦＣ,34.15754,131.43742,IN,2023/12/15,MF　松橋　優安,東京Ｖ,35.66367,139.5289,期限付き
レノファ山口ＦＣ,34.15754,131.43742,IN,2023/12/13,FW　五十嵐　太陽,川崎Ｆ,35.58683,139.64891,期限付き
レノファ山口ＦＣ,34.15754,131.43742,IN,2023/12/9,DF　松本　大輔,鳥栖,33.37176,130.51994,期限付き
レノファ山口ＦＣ,34.15754,131.43742,IN,2023/8/18,FW　野寄　和哉,大阪体育大学,34.38175994218773,135.35961742596123,新加入
徳島ヴォルティス,34.16721,134.6196,IN,2023/1/8,DF　ルイズミ　ケサダ,テルメズ・スルホン(ウズベキスタン),37.24124964457045,67.30428902670292,新加入
徳島ヴォルティス,34.16721,134.6196,IN,2023/1/6,FW　柿谷　曜一朗,名古屋,35.08457,137.17126,新加入
徳島ヴォルティス,34.16721,134.6196,IN,2023/1/6,GK　後東　尚輝,栃木シティフットボールクラブ,36.338477865384256,139.64597419999998,復帰
徳島ヴォルティス,34.16721,134.6196,IN,2023/1/5,DF　吹ヶ　徳喜,今治,34.04113,132.95798,復帰
徳島ヴォルティス,34.16721,134.6196,IN,2023/12/29,FW　渡　大生,福岡,33.5863,130.46143,新加入
徳島ヴォルティス,34.16721,134.6196,IN,2023/12/23,FW　髙田　颯也,大宮,35.91879,139.63179,期限付き
徳島ヴォルティス,34.16721,134.6196,IN,2023/12/22,MF　中野　桂太,京都,35.01712,135.58121,新加入
徳島ヴォルティス,34.16721,134.6196,IN,2023/12/20,FW　千葉　寛汰,清水,34.9849,138.4821,期限付き
徳島ヴォルティス,34.16721,134.6196,IN,2023/12/19,MF　外山　凌,松本,36.17962,137.91725,新加入
徳島ヴォルティス,34.16721,134.6196,IN,2023/12/13,FW　森　海渡,柏,35.84892,139.97501,期限付き
徳島ヴォルティス,34.16721,134.6196,IN,2023/9/20,DF　西坂　斗和,履正社高校,34.77525169401225,135.48000631040296,新加入
徳島ヴォルティス,34.16721,134.6196,IN,2023/9/9,MF　山下　雄大,早稲田大学,35.72651285540325,139.56263959342303,新加入
徳島ヴォルティス,34.16721,134.6196,IN,2023/6/2,FW　棚橋　尭士,国士舘大学,35.60977380049082,139.44774728835569,新加入
ファジアーノ岡山,34.68083,133.91856,IN,2023/12/1,MF　鈴木　喜丈,水戸,36.34767,140.41379,新加入
Ｖ・ファーレン長崎,32.83737,130.0385,IN,2023/12/28,DF　今津　佑太,広島,34.43964,132.39497,新加入
ファジアーノ岡山,34.68083,133.91856,IN,2023/12/7,GK　山田　大樹,鹿島,35.98903,140.64299,期限付き
ファジアーノ岡山,34.68083,133.91856,IN,2023/12/13,FW　福元　友哉,ＦＣ大阪,34.66873,135.62657,復帰
ジュビロ磐田,34.72311,137.8777,IN,2023/12/31,DF　鈴木　海音,栃木,36.5155,139.85779,復帰
ジュビロ磐田,34.72311,137.8777,IN,2023/12/21,DF　中川　創,琉球,26.30946,127.82087,復帰
ジュビロ磐田,34.72311,137.8777,IN,2023/10/21,MF　後藤　啓介,ジュビロ磐田Ｕ－１８,34.72311,137.8777,トップ昇格
藤枝ＭＹＦＣ,34.8791,138.23276,IN,2023/1/7,FW　アンデルソン,モト・クルブ(ブラジル),-2.548611,-44.259722,新加入
藤枝ＭＹＦＣ,34.8791,138.23276,IN,2023/12/23,DF　工藤　孝太,浦和,35.90248,139.71397,期限付き
藤枝ＭＹＦＣ,34.8791,138.23276,IN,2023/12/14,FW　矢村　健,新潟,37.88299,139.05989,期限付き
藤枝ＭＹＦＣ,34.8791,138.23276,IN,2023/12/12,MF　徳永　裕大,宮崎,32.07352,131.49146,新加入
藤枝ＭＹＦＣ,34.8791,138.23276,IN,2023/12/7,GK　岡西　宏祐,甲府,35.62075,138.58842,新加入
藤枝ＭＹＦＣ,34.8791,138.23276,IN,2023/12/6,MF　新井　泰貴,鳥取,35.45822,134.2218,新加入
藤枝ＭＹＦＣ,34.8791,138.23276,IN,2023/12/6,MF　魚里　直哉,鳥取,35.45822,134.2218,新加入
藤枝ＭＹＦＣ,34.8791,138.23276,IN,2023/12/3,DF　山田　将之,大宮,35.91879,139.63179,新加入
藤枝ＭＹＦＣ,34.8791,138.23276,IN,2023/12/3,GK　上田　智輝,大宮,35.91879,139.63179,新加入
藤枝ＭＹＦＣ,34.8791,138.23276,IN,2023/11/26,MF　大曽根　広汰,仙台,38.31913,140.88171,期限付き
藤枝ＭＹＦＣ,34.8791,138.23276,IN,2023/11/24,GK　北村　海　チディ,桐蔭横浜大学,35.568853511951566,139.52163576969582,新加入
藤枝ＭＹＦＣ,34.8791,138.23276,IN,2023/8/2,DF　山原　康太郎,東京国際大学,35.933715023199234,139.3537527673722,新加入
藤枝ＭＹＦＣ,34.8791,138.23276,IN,2023/7/26,FW　平尾　拳士朗,中央大学,35.641389,139.405694,新加入
藤枝ＭＹＦＣ,34.8791,138.23276,IN,2023/7/11,MF　小関　陽星,桐蔭横浜大学,35.568853511951566,139.52163576969582,新加入
ファジアーノ岡山,34.68083,133.91856,IN,2023/12/29,FW　坂本　一彩,Ｇ大阪,34.80179,135.53828,期限付き
ファジアーノ岡山,34.68083,133.91856,IN,2023/12/26,MF　川谷　凪,清水,34.9849,138.4821,期限付き
ファジアーノ岡山,34.68083,133.91856,IN,2023/12/22,MF　高橋　諒,湘南,35.34083,139.33708,新加入
ファジアーノ岡山,34.68083,133.91856,IN,2023/12/19,MF　田部井　涼,横浜FC,35.47043,139.60277,期限付き
ファジアーノ岡山,34.68083,133.91856,IN,2023/12/16,DF　高木　友也,横浜FC,35.47043,139.60277,新加入
ファジアーノ岡山,34.68083,133.91856,IN,2023/12/16,FW　永井　龍,広島,34.43964,132.39497,完全移籍
ファジアーノ岡山,34.68083,133.91856,IN,2023/12/15,MF　井川　空,札幌,43.0177717,141.4087122,期限付き
ファジアーノ岡山,34.68083,133.91856,IN,2023/12/14,FW　櫻川　ソロモン,千葉,35.57467,140.12413,期限付き
ファジアーノ岡山,34.68083,133.91856,IN,2023/12/12,MF　山田　恭也,高知ユナイテッドSC,33.511064,133.502683,復帰
ジュビロ磐田,34.72311,137.8777,IN,2023/1/4,FW　杉本　健勇,浦和,35.90248,139.71397,完全移籍
Ｖ・ファーレン長崎,32.83737,130.0385,IN,2023/12/28,DF　ヴァウド,清水,34.9849,138.4821,新加入
Ｖ・ファーレン長崎,32.83737,130.0385,IN,2023/12/20,MF　名倉　巧,仙台,38.31913,140.88171,復帰
ヴァンラーレ八戸,40.58717,141.45465,IN,2023/1/2,DF　長谷川　雄介,ミネベアミツミFC,32.570694,131.640556,新加入
ヴァンラーレ八戸,40.58717,141.45465,IN,2023/12/28,DF　加藤　慎太郎,秋田,39.71941,140.09393,期限付き
ヴァンラーレ八戸,40.58717,141.45465,IN,2023/12/26,GK　大西　勝俉,鹿児島,31.56379,130.55736,新加入
ヴァンラーレ八戸,40.58717,141.45465,IN,2023/12/25,DF　饗庭　瑞生,高知ユナイテッドSC,33.511064,133.502683,新加入
ヴァンラーレ八戸,40.58717,141.45465,IN,2023/12/24,MF　姫野　宥弥,富山,36.62524,137.19659,新加入
ヴァンラーレ八戸,40.58717,141.45465,IN,2023/12/21,GK　相澤　ピーターコアミ,ラインメール青森,40.843333,140.840056,新加入
ヴァンラーレ八戸,40.58717,141.45465,IN,2023/12/21,FW　佐久間　太一,千葉,35.57467,140.12413,期限付き
ヴァンラーレ八戸,40.58717,141.45465,IN,2023/12/19,DF　三ッ田　啓希,松本,36.17962,137.91725,新加入
ヴァンラーレ八戸,40.58717,141.45465,IN,2023/12/18,FW　宮本　拓弥,藤枝,34.8791,138.23276,新加入
ヴァンラーレ八戸,40.58717,141.45465,IN,2023/12/17,DF　蓑田　広大,湘南,35.34083,139.33708,期限付き
ヴァンラーレ八戸,40.58717,141.45465,IN,2023/12/17,DF　稲積　大介,高知ユナイテッドSC,33.511064,133.502683,新加入
ヴァンラーレ八戸,40.58717,141.45465,IN,2023/12/7,MF　妹尾　直哉,鳥取,35.45822,134.2218,新加入
ヴァンラーレ八戸,40.58717,141.45465,IN,2023/9/19,MF　山内　陸,札幌大学,43.01190560751245,141.3835622539596,新加入
いわてグルージャ盛岡,39.64796,141.13786,IN,2023/1/21,MF　水野　晃樹,はやぶさイレブン,35.48113567721118,139.32218857798392,新加入
いわてグルージャ盛岡,39.64796,141.13786,IN,2023/1/21,MF　アオ　チョン,YS横浜,35.47043,139.60277,新加入
いわてグルージャ盛岡,39.64796,141.13786,IN,2023/1/11,DF　田代　真一,大宮,35.91879,139.63179,新加入
いわてグルージャ盛岡,39.64796,141.13786,IN,2023/1/7,FW　ドウグラス　オリヴェイラ,札幌,43.0177717,141.4087122,期限付き
いわてグルージャ盛岡,39.64796,141.13786,IN,2023/1/7,FW　藤村　怜,札幌,43.0177717,141.4087122,新加入
いわてグルージャ盛岡,39.64796,141.13786,IN,2023/1/6,DF　新保　海鈴,山口,34.15754,131.43742,期限付き
いわてグルージャ盛岡,39.64796,141.13786,IN,2023/12/30,DF　下上　昇大,九州産業大学,33.671529437697615,130.44736623110975,新加入
いわてグルージャ盛岡,39.64796,141.13786,IN,2023/12/30,GK　丹野　研太,川崎Ｆ,35.58683,139.64891,新加入
いわてグルージャ盛岡,39.64796,141.13786,IN,2023/12/28,DF　李　栄直,琉球,26.30946,127.82087,新加入
いわてグルージャ盛岡,39.64796,141.13786,IN,2023/12/23,GK　田尻　健,鳥取,35.45822,134.2218,新加入
いわてグルージャ盛岡,39.64796,141.13786,IN,2023/12/22,DF　石田　崚真,相模原,35.53152,139.3806,新加入
いわてグルージャ盛岡,39.64796,141.13786,IN,2023/12/21,MF　松原　亘紀,明治大学,35.66314432680717,139.61727568925784,新加入
大分トリニータ,33.20111,131.65639,IN,2023/7/7,MF　保田　堅心,大分トリニータＵ－１８,33.20111,131.65639,トップ昇格
Ｖ・ファーレン長崎,32.83737,130.0385,IN,2023/12/27,MF　増山　朝陽,大分,33.20111,131.65639,新加入
大分トリニータ,33.20111,131.65639,IN,2023/7/7,MF　佐藤　丈晟,大分トリニータＵ－１８,33.20111,131.65639,トップ昇格
大分トリニータ,33.20111,131.65639,IN,2023/12/8,GK　新井　栄聡,秋田,39.71941,140.09393,新加入
Ｖ・ファーレン長崎,32.83737,130.0385,IN,2023/12/16,FW　宮城　天,川崎Ｆ,35.58683,139.64891,期限付き
Ｖ・ファーレン長崎,32.83737,130.0385,IN,2023/12/14,FW　フアンマ　デルガド,福岡,33.5863,130.46143,新加入
Ｖ・ファーレン長崎,32.83737,130.0385,IN,2023/12/13,GK　波多野　豪,FC東京,35.66367,139.5289,期限付き
Ｖ・ファーレン長崎,32.83737,130.0385,IN,2023/11/29,DF　岡野　洵,町田,35.59248,139.43889,新加入
Ｖ・ファーレン長崎,32.83737,130.0385,IN,2023/10/7,MF　瀬畠　義成,東洋大学,35.8144250172124,139.5950286693112,新加入
Ｖ・ファーレン長崎,32.83737,130.0385,IN,2023/3/11,DF　白井　陽貴,法政大学,35.608847824909446,139.2925620306888,新加入
ロアッソ熊本,32.84272,130.79193,IN,2023/12/19,FW　道脇　豊,ロアッソ熊本ユース,32.84272,130.79193,トップ昇格
ロアッソ熊本,32.84272,130.79193,IN,2023/12/19,FW　石川　大地,鳥取,35.45822,134.2218,新加入
ロアッソ熊本,32.84272,130.79193,IN,2023/12/16,MF　豊田　歩,中央大学,35.641389,139.405694,新加入
ロアッソ熊本,32.84272,130.79193,IN,2023/12/12,FW　松岡　瑠夢,栃木,36.5155,139.85779,新加入
ロアッソ熊本,32.84272,130.79193,IN,2023/12/9,MF　大本　祐槻,琉球,26.30946,127.82087,新加入
ロアッソ熊本,32.84272,130.79193,IN,2023/12/8,MF　大西　遼太郎,岐阜,35.4506,136.77518,新加入
ロアッソ熊本,32.84272,130.79193,IN,2023/12/6,MF　島村　拓弥,今治,34.04113,132.95798,新加入
ロアッソ熊本,32.84272,130.79193,IN,2023/11/29,DF　岡崎　慎,FC東京,35.66367,139.5289,新加入
ロアッソ熊本,32.84272,130.79193,IN,2023/11/2,DF　相澤　佑哉,駒澤大学,35.619394910192405,139.6078473460332,新加入
ロアッソ熊本,32.84272,130.79193,IN,2023/9/16,MF　東郷　翼,日本体育大学,35.560731060496686,139.49901370769516,新加入
ロアッソ熊本,32.84272,130.79193,IN,2023/9/9,DF　宮崎　海斗,鹿屋体育大学,31.39273354054163,130.78950000863023,新加入
ロアッソ熊本,32.84272,130.79193,IN,2023/8/26,FW　大崎　舜,福岡大学,33.54667740339269,130.36446895686507,新加入
大分トリニータ,33.20111,131.65639,IN,2023/1/31,GK　テイシェイラ,ECバイーア(ブラジル),-12.97813998570667,-38.50432818465792,期限付き
大分トリニータ,33.20111,131.65639,IN,2023/12/28,DF　デルラン,グアラニFC(ブラジル),-22.909722,-47.043611,新加入
大分トリニータ,33.20111,131.65639,IN,2023/12/26,MF　池田　廉,琉球,26.30946,127.82087,新加入
大分トリニータ,33.20111,131.65639,IN,2023/12/25,MF　茂　平,秋田,39.71941,140.09393,新加入
大分トリニータ,33.20111,131.65639,IN,2023/12/24,MF　ペレイラ,アトレチコ・ゴイアニエンセ(ブラジル),-16.670026348436057,-49.2842212979829,完全移籍
大分トリニータ,33.20111,131.65639,IN,2023/12/19,DF　安藤　智哉,今治,34.04113,132.95798,新加入
大分トリニータ,33.20111,131.65639,IN,2023/12/10,DF　高橋　祐翔,ヴェロスクロノス都農,32.26737460748144,131.55778385514444,復帰
大分トリニータ,33.20111,131.65639,IN,2023/7/8,DF　松尾　勇佑,関西大学,34.775777208046335,135.5139296846556,新加入
ジュビロ磐田,34.72311,137.8777,IN,2023/1/5,MF　藤川　虎太朗,北九州,33.88998,130.88846,復帰
ジュビロ磐田,34.72311,137.8777,IN,2023/1/5,MF　針谷　岳晃,北九州,33.88998,130.88846,復帰
清水エスパルス,34.9849,138.4821,IN,2023/5/26,DF　落合　毅人,法政大学,35.608847824909446,139.2925620306888,新加入
大宮アルディージャ,35.91879,139.63179,IN,2023/12/23,GK　笠原　昂史,長崎,32.83737,130.0385,復帰
大宮アルディージャ,35.91879,139.63179,IN,2023/12/19,DF　袴田　裕太郎,磐田,34.72311,137.8777,完全移籍
大宮アルディージャ,35.91879,139.63179,IN,2023/12/18,DF　大森　理生,FC東京,35.66367,139.5289,期限付き
大宮アルディージャ,35.91879,139.63179,IN,2023/12/13,DF　浦上　仁騎,甲府,35.62075,138.58842,新加入
大宮アルディージャ,35.91879,139.63179,IN,2023/12/12,MF　石川　俊輝,甲府,35.62075,138.58842,復帰
大宮アルディージャ,35.91879,139.63179,IN,2023/9/9,MF　阿部　来誠,大宮アルディージャＵ１８,35.91879,139.63179,トップ昇格
大宮アルディージャ,35.91879,139.63179,IN,2023/6/23,FW　室井　彗佑,東洋大学,35.8144250172124,139.5950286693112,新加入
大宮アルディージャ,35.91879,139.63179,IN,2023/6/23,MF　高柳　郁弥,東洋大学,35.8144250172124,139.5950286693112,新加入
大宮アルディージャ,35.91879,139.63179,IN,2023/3/4,DF　鈴木　俊也,早稲田大学,35.72651285540325,139.56263959342303,新加入
ジェフユナイテッド千葉,35.57467,140.12413,IN,2023/1/2,FW　サウダーニャ,成都蓉城足球倶楽部(中国),30.573167,103.893694,復帰
ジェフユナイテッド千葉,35.57467,140.12413,IN,2023/12/28,FW　田中　和樹,京都,35.01712,135.58121,期限付き
ジェフユナイテッド千葉,35.57467,140.12413,IN,2023/12/2,MF　椿　直起,横浜FM,35.51012,139.60667,新加入
ジェフユナイテッド千葉,35.57467,140.12413,IN,2023/12/1,FW　呉屋　大翔,大分,33.20111,131.65639,新加入
ジェフユナイテッド千葉,35.57467,140.12413,IN,2023/11/30,GK　近藤　壱成,法政大学,35.608847824909446,139.2925620306888,新加入
ジェフユナイテッド千葉,35.57467,140.12413,IN,2023/11/30,DF　松田　陸,金沢,36.57584,136.60526,新加入
ジェフユナイテッド千葉,35.57467,140.12413,IN,2023/11/26,MF　日高　大,いわき,37.01492,140.85928,新加入
ジェフユナイテッド千葉,35.57467,140.12413,IN,2023/8/6,FW　新明　龍太,ジェフユナイテッド市原・千葉U‐18,35.57467,140.12413,トップ昇格
ジェフユナイテッド千葉,35.57467,140.12413,IN,2023/8/6,DF　矢口　駿太郎,ジェフユナイテッド市原・千葉U‐18,35.57467,140.12413,トップ昇格
ジェフユナイテッド千葉,35.57467,140.12413,IN,2023/7/18,FW　小森　飛絢,新潟医療福祉大学,37.97184130902624,139.1853965413248,新加入
東京ヴェルディ,35.66367,139.5289,IN,2023/1/5,MF　齋藤　功佑,横浜FC,35.47043,139.60277,新加入
東京ヴェルディ,35.66367,139.5289,IN,2023/12/22,DF　林　尚輝,鹿島,35.98903,140.64299,期限付き
東京ヴェルディ,35.66367,139.5289,IN,2023/12/19,DF　宮原　和也,名古屋,35.08457,137.17126,新加入
東京ヴェルディ,35.66367,139.5289,IN,2023/12/16,MF　北島　祐二,福岡,33.5863,130.46143,期限付き
東京ヴェルディ,35.66367,139.5289,IN,2023/12/7,FW　マリオ　エンゲルス,スパルタ・ロッテルダム(オランダ),51.919439,4.433331,新加入
東京ヴェルディ,35.66367,139.5289,IN,2023/12/6,DF　千田　海人,秋田,39.71941,140.09393,新加入
大宮アルディージャ,35.91879,139.63179,IN,2023/12/25,GK　志村　滉,北九州,33.88998,130.88846,完全移籍
東京ヴェルディ,35.66367,139.5289,IN,2023/11/9,MF　楠　大樹,桐蔭横浜大学,35.568853511951566,139.52163576969582,新加入
大宮アルディージャ,35.91879,139.63179,IN,2023/1/4,FW　大澤　朋也,愛媛,33.76774,132.7959,復帰
ザスパクサツ群馬,36.41157,139.05321,IN,2023/10/31,DF　菊地　健太,専修大学,35.613791206429475,139.5534152925892,新加入
水戸ホーリーホック,36.34767,140.41379,IN,2023/11/25,MF　安永　玲央,横浜FC,35.47043,139.60277,完全移籍
水戸ホーリーホック,36.34767,140.41379,IN,2023/11/24,FW　草野　侑己,横浜FC,35.47043,139.60277,新加入
水戸ホーリーホック,36.34767,140.41379,IN,2023/11/16,GK　春名　竜聖,セレッソ大阪Ｕ－１８,34.61045,135.5145,新加入
水戸ホーリーホック,36.34767,140.41379,IN,2023/10/20,DF　松田　佳大,東洋大学,35.8144250172124,139.5950286693112,新加入
水戸ホーリーホック,36.34767,140.41379,IN,2023/10/19,FW　内田　優晟,水戸ホーリーホックユース,36.34767,140.41379,トップ昇格
水戸ホーリーホック,36.34767,140.41379,IN,2023/9/30,MF　井上　怜,東洋大学,35.8144250172124,139.5950286693112,新加入
水戸ホーリーホック,36.34767,140.41379,IN,2023/8/26,FW　寺沼　星文,桐蔭横浜大学,35.568853511951566,139.52163576969582,新加入
栃木ＳＣ,36.5155,139.85779,IN,2023/1/6,DF　面矢　行斗,相模原,35.53152,139.3806,復帰
栃木ＳＣ,36.5155,139.85779,IN,2023/1/6,DF　小野寺　健也,鹿児島,31.56379,130.55736,復帰
栃木ＳＣ,36.5155,139.85779,IN,2023/1/4,MF　山田　雄士,柏,35.84892,139.97501,期限付き
栃木ＳＣ,36.5155,139.85779,IN,2023/12/21,DF　岡﨑　亮平,琉球,26.30946,127.82087,新加入
栃木ＳＣ,36.5155,139.85779,IN,2023/12/19,MF　安田　虎士朗,FC東京,35.66367,139.5289,期限付き
栃木ＳＣ,36.5155,139.85779,IN,2023/12/16,DF　高嶋　修也,法政大学,35.608847824909446,139.2925620306888,新加入
栃木ＳＣ,36.5155,139.85779,IN,2023/12/11,DF　福島　隼斗,湘南,35.34083,139.33708,期限付き
栃木ＳＣ,36.5155,139.85779,IN,2023/12/2,MF　髙萩　洋次郎,FC東京,35.66367,139.5289,完全移籍
栃木ＳＣ,36.5155,139.85779,IN,2023/7/22,DF　平松　航,立正大学,36.11040034780686,139.36107525368166,新加入
ザスパクサツ群馬,36.41157,139.05321,IN,2023/1/5,DF　中塩　大貴,横浜FC,35.47043,139.60277,新加入
ザスパクサツ群馬,36.41157,139.05321,IN,2023/12/28,FW　武　颯,秋田,39.71941,140.09393,期限付き
ザスパクサツ群馬,36.41157,139.05321,IN,2023/12/21,GK　石井　僚,浦和,35.90248,139.71397,新加入
ザスパクサツ群馬,36.41157,139.05321,IN,2023/12/19,FW　佐藤　亮,北九州,33.88998,130.88846,新加入
ザスパクサツ群馬,36.41157,139.05321,IN,2023/12/16,MF　中田　湧大,ＦＣティアモ枚方,34.820111,135.683833,復帰
ザスパクサツ群馬,36.41157,139.05321,IN,2023/12/15,FW　小野関　虎之介,高崎健康福祉大学高崎高校,36.32292492204022,139.06041926074914,新加入
ザスパクサツ群馬,36.41157,139.05321,IN,2023/12/12,DF　酒井　崇一,熊本,32.84272,130.79193,新加入
ザスパクサツ群馬,36.41157,139.05321,IN,2023/12/5,MF　川上　エドオジョン　智慧,徳島,34.16721,134.6196,新加入
ザスパクサツ群馬,36.41157,139.05321,IN,2023/11/4,FW　岩元　ルナ,関東学院大学,35.324118051507696,139.62547590718628,新加入
大宮アルディージャ,35.91879,139.63179,IN,2023/1/8,FW　アンジェロッティ,柏,35.84892,139.97501,期限付き
東京ヴェルディ,35.66367,139.5289,IN,2023/9/8,FW　山田　剛綺,関西学院大学,34.77318621738733,135.34051263980038,新加入
東京ヴェルディ,35.66367,139.5289,IN,2023/9/8,GK　飯田　雅浩,国士舘大学,35.60977380049082,139.44774728835569,新加入
東京ヴェルディ,35.66367,139.5289,IN,2023/7/7,MF　綱島　悠斗,国士館大学,35.610070366949856,139.44764,新加入
ヴァンフォーレ甲府,35.62075,138.58842,IN,2023/10/31,MF　遠藤　光,専修大学,35.613791206429475,139.5534152925892,新加入
ヴァンフォーレ甲府,35.62075,138.58842,IN,2023/10/31,DF　井上　詩音,専修大学,35.613791206429475,139.5534152925892,新加入
ヴァンフォーレ甲府,35.62075,138.58842,IN,2023/4/8,FW　水野　颯太,桐蔭横浜大学,35.568853511951566,139.52163576969582,新加入
ヴァンフォーレ甲府,35.62075,138.58842,IN,2023/6/18,DF　三浦　颯太,日本体育大学,35.560731060496686,139.49901370769516,新加入
ツエーゲン金沢,36.57584,136.60526,IN,2023/1/6,DF　レオ　バイーア,ヴィラフランケンセ(ポルトガル),38.9456544148236,-8.994333069294548,新加入
ツエーゲン金沢,36.57584,136.60526,IN,2023/1/5,DF　パク　ジュンソ,大田ハナシチズン(韓国),36.365139,127.325167,期限付き
ツエーゲン金沢,36.57584,136.60526,IN,2023/12/31,MF　加藤　潤也,群馬,36.41157,139.05321,新加入
ツエーゲン金沢,36.57584,136.60526,IN,2023/12/27,FW　奥田　晃也,長崎,32.83737,130.0385,期限付き
ツエーゲン金沢,36.57584,136.60526,IN,2023/12/26,DF　小島　雅也,群馬,36.41157,139.05321,新加入
ツエーゲン金沢,36.57584,136.60526,IN,2023/12/25,FW　ジェフェルソン　バイアーノ,アライアル　ド　カボ(ブラジル),-22.9678098513506,-42.02455134603321,新加入
ツエーゲン金沢,36.57584,136.60526,IN,2023/12/13,MF　石原　崇兆,仙台,38.31913,140.88171,新加入
ツエーゲン金沢,36.57584,136.60526,IN,2023/12/1,MF　梶浦　勇輝,FC東京,35.66367,139.5289,期限付き
ツエーゲン金沢,36.57584,136.60526,IN,2023/11/29,DF　櫻井　風我,明治大学,35.66314432680717,139.61727568925784,新加入
ツエーゲン金沢,36.57584,136.60526,IN,2023/11/25,GK　中野　小次郎,札幌,43.0177717,141.4087122,期限付き
ツエーゲン金沢,36.57584,136.60526,IN,2023/10/31,DF　井上　竜太,立正大学,36.11040034780686,139.36107525368166,新加入
清水エスパルス,34.9849,138.4821,IN,2023/1/5,MF　成岡　輝瑠,山口,34.15754,131.43742,復帰
清水エスパルス,34.9849,138.4821,IN,2023/1/5,DF　菊地　脩太,長崎,32.83737,130.0385,復帰
清水エスパルス,34.9849,138.4821,IN,2023/1/5,FW　ディサロ　燦シルヴァーノ,山形,38.33677,140.37708,復帰
清水エスパルス,34.9849,138.4821,IN,2023/12/29,DF　吉田　豊,名古屋,35.08457,137.17126,新加入
清水エスパルス,34.9849,138.4821,IN,2023/12/1,DF　北爪　健吾,柏,35.84892,139.97501,新加入
清水エスパルス,34.9849,138.4821,IN,2023/11/29,GK　阿部　諒弥,中央学院大学,35.88264978687851,140.00297084131108,新加入
清水エスパルス,34.9849,138.4821,IN,2023/10/14,MF　安藤　阿雄依,清水エスパルスユース,34.9849,138.4821,トップ昇格
清水エスパルス,34.9849,138.4821,IN,2023/9/1,FW　森重　陽介,日本大学藤沢高校,35.37808842291325,139.4706152153444,新加入
清水エスパルス,34.9849,138.4821,IN,2023/7/23,DF　監物　拓歩,早稲田大学,35.72651285540325,139.56263959342303,新加入
清水エスパルス,34.9849,138.4821,IN,2023/6/2,FW　齊藤　聖七,流通経済大学,35.928649387459046,140.20484522215366,新加入
ヴァンフォーレ甲府,35.62075,138.58842,IN,2023/12/5,DF　蓮川　壮大,FC東京,35.66367,139.5289,期限付き
ヴァンフォーレ甲府,35.62075,138.58842,IN,2023/12/6,FW　松本　孝平,讃岐,34.26231,133.78615,新加入
ヴァンフォーレ甲府,35.62075,138.58842,IN,2023/12/8,MF　武富　孝介,京都,35.01712,135.58121,新加入
ヴァンフォーレ甲府,35.62075,138.58842,IN,2023/12/12,MF　品田　愛斗,FC東京,35.66367,139.5289,期限付き
東京ヴェルディ,35.66367,139.5289,IN,2023/7/1,FW　佐川　洸介,東京国際大学,35.933715023199234,139.3537527673722,新加入
ＦＣ町田ゼルビア,35.59248,139.43889,IN,2023/1/9,GK　ストイシッチ,仙台,38.31913,140.88171,新加入
ＦＣ町田ゼルビア,35.59248,139.43889,IN,2023/1/6,FW　髙澤　優也,大分,33.20111,131.65639,新加入
ＦＣ町田ゼルビア,35.59248,139.43889,IN,2023/1/3,MF　布施谷　翔,国士舘大学,35.60977380049082,139.44774728835569,新加入
ＦＣ町田ゼルビア,35.59248,139.43889,IN,2023/1/3,DF　内田　瑞己,讃岐,34.26231,133.78615,新加入
ＦＣ町田ゼルビア,35.59248,139.43889,IN,2023/1/1,FW　エリキ,長春亜泰(中国),43.864284,125.33673,新加入
ＦＣ町田ゼルビア,35.59248,139.43889,IN,2023/12/31,FW　ミッチェル　デューク,岡山,34.68083,133.91856,新加入
ＦＣ町田ゼルビア,35.59248,139.43889,IN,2023/12/26,MF　髙橋　大悟,清水,34.9849,138.4821,新加入
ＦＣ町田ゼルビア,35.59248,139.43889,IN,2023/12/25,DF　カルロス　グティエレス,栃木,36.5155,139.85779,新加入
ＦＣ町田ゼルビア,35.59248,139.43889,IN,2023/12/24,MF　下田　北斗,大分,33.20111,131.65639,新加入
ＦＣ町田ゼルビア,35.59248,139.43889,IN,2023/12/19,DF　藤原　優大,浦和,35.90248,139.71397,期限付き
ＦＣ町田ゼルビア,35.59248,139.43889,IN,2023/12/19,MF　黒川　淳史,磐田,34.72311,137.8777,新加入
いわてグルージャ盛岡,39.64796,141.13786,IN,2023/12/5,FW　佐藤　未勇,神奈川大学,35.5078614305254,139.53202434603318,新加入
ＦＣ町田ゼルビア,35.59248,139.43889,IN,2023/12/16,MF　奥山　洋平,岩手,39.64796,141.13786,新加入
ＦＣ町田ゼルビア,35.59248,139.43889,IN,2023/12/9,FW　沼田　駿也,山口,34.15754,131.43742,新加入
ＦＣ町田ゼルビア,35.59248,139.43889,IN,2023/12/7,DF　池田　樹雷人,秋田,39.71941,140.09393,新加入
ＦＣ町田ゼルビア,35.59248,139.43889,IN,2023/12/7,DF　チャン　ミンギュ,千葉,35.57467,140.12413,新加入
ＦＣ町田ゼルビア,35.59248,139.43889,IN,2023/11/25,MF　稲葉　修土,秋田,39.71941,140.09393,新加入
ＦＣ町田ゼルビア,35.59248,139.43889,IN,2023/8/19,DF　深港　壮一郎,立正大学,36.11040034780686,139.36107525368166,新加入
ＦＣ町田ゼルビア,35.59248,139.43889,IN,2023/9/16,FW　平河　悠,山梨学院大学,35.654772345329654,138.60685758082587,新加入
ヴァンフォーレ甲府,35.62075,138.58842,IN,2023/1/4,MF　中山　陸,松本,36.17962,137.91725,復帰
ヴァンフォーレ甲府,35.62075,138.58842,IN,2023/12/30,FW　ピーター　ウタカ,京都,35.01712,135.58121,新加入
ヴァンフォーレ甲府,35.62075,138.58842,IN,2023/12/16,MF　佐藤　和弘,松本,36.17962,137.91725,新加入
ヴァンフォーレ甲府,35.62075,138.58842,IN,2023/12/15,MF　土肥　航大,広島,34.43964,132.39497,期限付き
ヴァンフォーレ甲府,35.62075,138.58842,IN,2023/12/15,GK　渋谷　飛翔,名古屋,35.08457,137.17126,新加入
ヴァンフォーレ甲府,35.62075,138.58842,IN,2023/12/13,DF　神谷　凱士,川崎Ｆ,35.58683,139.64891,期限付き
ＦＣ町田ゼルビア,35.59248,139.43889,IN,2023/12/15,FW　荒木　駿太,鳥栖,33.37176,130.51994,期限付き
水戸ホーリーホック,36.34767,140.41379,IN,2023/12/6,DF　長井　一真,京都,35.01712,135.58121,新加入
福島ユナイテッドＦＣ,37.72473,140.3649,IN,2023/1/11,GK　ファンティーニ　燦,山口,34.15754,131.43742,復帰
福島ユナイテッドＦＣ,37.72473,140.3649,IN,2023/1/7,FW　三木　直土,磐田,34.72311,137.8777,期限付き
カマタマーレ讃岐,34.26231,133.78615,IN,2023/12/12,DF　奥田　雄大,徳島,34.16721,134.6196,新加入
カマタマーレ讃岐,34.26231,133.78615,IN,2023/12/7,MF　森　勇人,水戸,36.34767,140.41379,新加入
カマタマーレ讃岐,34.26231,133.78615,IN,2023/11/4,GK　松原　快晟,カマタマーレ讃岐Ｕ－１８,34.26231,133.78615,トップ昇格
カマタマーレ讃岐,34.26231,133.78615,IN,2023/7/8,MF　高橋　尚紀,国士舘大学,35.60977380049082,139.44774728835569,新加入
カマタマーレ讃岐,34.26231,133.78615,IN,2023/4/29,MF　吉田　源太郎,四国学院大学,34.217680983947744,133.7834123687884,新加入
愛媛ＦＣ,33.76774,132.7959,IN,2023/1/8,MF　石浦　大雅,東京Ｖ,35.66367,139.5289,期限付き
愛媛ＦＣ,33.76774,132.7959,IN,2023/12/29,DF　吉永　昇偉,大宮,35.91879,139.63179,期限付き
愛媛ＦＣ,33.76774,132.7959,IN,2023/12/27,MF　菊地　俊介,大宮,35.91879,139.63179,新加入
愛媛ＦＣ,33.76774,132.7959,IN,2023/12/22,DF　吉田　晴稀,高知ユナイテッドSC,33.511064,133.502683,復帰
愛媛ＦＣ,33.76774,132.7959,IN,2023/12/21,FW　曽田　一騎,福山シティFC,34.478127533780984,133.4046337691712,新加入
愛媛ＦＣ,33.76774,132.7959,IN,2023/12/18,DF　平岡　康裕,仙台,38.31913,140.88171,新加入
愛媛ＦＣ,33.76774,132.7959,IN,2023/12/13,DF　大嶽　拓馬,柏,35.84892,139.97501,期限付き
愛媛ＦＣ,33.76774,132.7959,IN,2023/12/8,FW　深堀　隼平,群馬,36.41157,139.05321,期限付き
愛媛ＦＣ,33.76774,132.7959,IN,2023/12/7,MF　疋田　優人,岡山,34.68083,133.91856,期限付き
愛媛ＦＣ,33.76774,132.7959,IN,2023/12/2,MF　曽根田　穣,水戸,36.34767,140.41379,新加入
愛媛ＦＣ,33.76774,132.7959,IN,2023/12/1,DF　山口　竜弥,東京Ｖ,35.66367,139.5289,新加入
愛媛ＦＣ,33.76774,132.7959,IN,2023/10/5,MF　深澤　佑太,関西大学,34.775777208046335,135.5139296846556,新加入
愛媛ＦＣ,33.76774,132.7959,IN,2023/9/22,MF　谷本　駿介,関西福祉大学,34.76057647803848,134.36766416931138,新加入
愛媛ＦＣ,33.76774,132.7959,IN,2023/8/23,GK　牧口　一真,愛媛ＦＣ　Ｕ－１８,33.76774,132.7959,トップ昇格
愛媛ＦＣ,33.76774,132.7959,IN,2023/8/23,MF　行友　翔哉,愛媛ＦＣ　Ｕ－１８,33.76774,132.7959,トップ昇格
ＦＣ今治,34.04113,132.95798,IN,2023/1/6,GK　滝本　晴彦,柏,35.84892,139.97501,完全移籍
ＦＣ今治,34.04113,132.95798,IN,2023/1/6,FW　ドゥドゥ,町田,35.59248,139.43889,新加入
ＦＣ今治,34.04113,132.95798,IN,2023/1/5,DF　二見　宏志,長崎,32.83737,130.0385,新加入
ＦＣ今治,34.04113,132.95798,IN,2023/12/30,MF　松本　雄真,富山,36.62524,137.19659,新加入
ＦＣ今治,34.04113,132.95798,IN,2023/12/27,DF　櫻内　渚,神戸,34.65666,135.16966,新加入
カマタマーレ讃岐,34.26231,133.78615,IN,2023/12/14,DF　宗近　慧,YS横浜,35.47043,139.60277,新加入
ＦＣ今治,34.04113,132.95798,IN,2023/12/27,GK　伊藤　元太,神戸,34.65666,135.16966,新加入
カマタマーレ讃岐,34.26231,133.78615,IN,2023/12/15,FW　森本　ヒマン,FCティアモ枚方,34.820111,135.683833,期限付き
カマタマーレ讃岐,34.26231,133.78615,IN,2023/12/15,DF　竹村　俊二,立正大学,36.11040034780686,139.36107525368166,新加入
ＦＣ大阪,34.66873,135.62657,IN,2023/12/16,MF　利根　瑠偉,ヴェルスパ大分,33.221633754570504,131.65051729102086,新加入
ＦＣ大阪,34.66873,135.62657,IN,2023/12/13,FW　ンダウ　ターラ,横浜FM,35.51012,139.60667,新加入
奈良クラブ,34.69757,135.82916,IN,2023/1/15,MF　髙橋　隆大,Ｇ大阪,34.80179,135.53828,期限付き
奈良クラブ,34.69757,135.82916,IN,2023/12/26,GK　岡田　慎司,今治,34.04113,132.95798,新加入
奈良クラブ,34.69757,135.82916,IN,2023/12/23,MF　堀内　颯人,HondaFC,34.810647,137.722486,新加入
奈良クラブ,34.69757,135.82916,IN,2023/12/15,MF　西田　恵,金沢,36.57584,136.60526,新加入
奈良クラブ,34.69757,135.82916,IN,2023/12/9,FW　酒井　達磨,FCマルヤス岡崎,34.980725,137.188486,新加入
奈良クラブ,34.69757,135.82916,IN,2023/12/9,MF　中島　賢星,相模原,35.53152,139.3806,新加入
奈良クラブ,34.69757,135.82916,IN,2023/12/8,DF　鈴木　大誠,徳島,34.16721,134.6196,新加入
ガイナーレ鳥取,35.45822,134.2218,IN,2023/2/3,FW　遊馬　将也,FC神楽しまね,35.437189,133.066,新加入
ガイナーレ鳥取,35.45822,134.2218,IN,2023/12/19,FW　富樫　佑太,岐阜,35.4506,136.77518,新加入
ガイナーレ鳥取,35.45822,134.2218,IN,2023/12/18,GK　井岡　海都,仙台,38.31913,140.88171,新加入
ガイナーレ鳥取,35.45822,134.2218,IN,2023/12/15,DF　飯泉　涼矢,今治,34.04113,132.95798,新加入
ガイナーレ鳥取,35.45822,134.2218,IN,2023/12/14,GK　高麗　稜太,拓殖大学,35.62561066960805,139.27724386931135,新加入
ガイナーレ鳥取,35.45822,134.2218,IN,2023/12/14,MF　東條　敦輝,国士舘大学,35.60977380049082,139.44774728835569,新加入
ガイナーレ鳥取,35.45822,134.2218,IN,2023/12/13,FW　重松　健太郎,讃岐,34.26231,133.78615,新加入
ガイナーレ鳥取,35.45822,134.2218,IN,2023/12/13,MF　普光院　誠,秋田,39.71941,140.09393,新加入
ガイナーレ鳥取,35.45822,134.2218,IN,2023/12/12,DF　田中　恵太,琉球,26.30946,127.82087,新加入
ガイナーレ鳥取,35.45822,134.2218,IN,2023/12/12,MF　牛之濵　拓,鹿児島,31.56379,130.55736,期限付き
ガイナーレ鳥取,35.45822,134.2218,IN,2023/10/20,DF　西尾　響,ガイナーレ鳥取Ｕ－１８,35.45822,134.2218,トップ昇格
カマタマーレ讃岐,34.26231,133.78615,IN,2023/1/3,DF　奈良坂　巧,町田,35.59248,139.43889,期限付き
カマタマーレ讃岐,34.26231,133.78615,IN,2023/12/26,FW　岩岸　宗志,同志社大学,34.79945007421968,135.7614810144737,新加入
カマタマーレ讃岐,34.26231,133.78615,IN,2023/12/22,DF　金井　貢史,琉球,26.30946,127.82087,新加入
カマタマーレ讃岐,34.26231,133.78615,IN,2023/12/21,MF　江口　直生,秋田,39.71941,140.09393,新加入
カマタマーレ讃岐,34.26231,133.78615,IN,2023/12/16,FW　赤星　魁麻,高知ユナイテッドSC,33.511064,133.502683,新加入
カマタマーレ讃岐,34.26231,133.78615,IN,2023/12/15,FW　鳥飼　椋平,立正大学,36.11040034780686,139.36107525368166,新加入
ＦＣ大阪,34.66873,135.62657,IN,2023/12/19,MF　酒井　匠,ラインメール青森,40.843333,140.840056,新加入
ＦＣ今治,34.04113,132.95798,IN,2023/12/21,DF　照山　颯人,仙台,38.31913,140.88171,完全移籍
ＦＣ今治,34.04113,132.95798,IN,2023/12/16,DF　白井　達也,相模原,35.53152,139.3806,新加入
鹿児島ユナイテッドＦＣ,31.56379,130.55736,IN,2023/1/24,FW　藤本　憲明,神戸,34.65666,135.16966,新加入
鹿児島ユナイテッドＦＣ,31.56379,130.55736,IN,2023/12/26,GK　松山　健太,岩手,39.64796,141.13786,新加入
鹿児島ユナイテッドＦＣ,31.56379,130.55736,IN,2023/12/19,FW　端戸　仁,東京Ｖ,35.66367,139.5289,完全移籍
鹿児島ユナイテッドＦＣ,31.56379,130.55736,IN,2023/12/16,GK　大内　一生,横浜FC,35.47043,139.60277,期限付き
鹿児島ユナイテッドＦＣ,31.56379,130.55736,IN,2023/12/13,MF　千布　一輝,宮崎,32.07352,131.49146,新加入
鹿児島ユナイテッドＦＣ,31.56379,130.55736,IN,2023/12/12,FW　鈴木　翔大,いわき,37.01492,140.85928,新加入
鹿児島ユナイテッドＦＣ,31.56379,130.55736,IN,2023/12/9,DF　戸根　一誓,岩手,39.64796,141.13786,新加入
鹿児島ユナイテッドＦＣ,31.56379,130.55736,IN,2023/12/6,DF　堀江　貴大,法政大学,35.608847824909446,139.2925620306888,新加入
鹿児島ユナイテッドＦＣ,31.56379,130.55736,IN,2023/12/4,FW　河辺　駿太郎,YS横浜,35.47043,139.60277,新加入
鹿児島ユナイテッドＦＣ,31.56379,130.55736,IN,2023/9/2,FW　武　星弥,鹿児島ユナイテッドＦＣ　Ｕ－１８,31.56379,130.55736,トップ昇格
鹿児島ユナイテッドＦＣ,31.56379,130.55736,IN,2023/8/5,MF　山口　卓己,鹿屋体育大学,31.39273354054163,130.78950000863023,新加入
ＦＣ琉球,26.30946,127.82087,IN,2023/1/13,GK　ジョン　ジワン,全北現代モータース(韓国),35.868111,127.064444,期限付き
ＦＣ琉球,26.30946,127.82087,IN,2023/1/10,DF　チョ　ウンス,全南ドラゴンズU-18(韓国),34.93378616384933,127.7276683190402,新加入
ＦＣ琉球,26.30946,127.82087,IN,2023/1/6,DF　鍵山　慶司,おこしやす京都AC,34.94415114485965,135.7480206846556,新加入
ＦＣ琉球,26.30946,127.82087,IN,2023/1/5,MF　岩本　翔,筑波大学,36.10270674994269,140.1075766071427,新加入
ＦＣ琉球,26.30946,127.82087,IN,2023/12/29,DF　山内　舟征,関西学院大学,34.77318621738733,135.34051263980038,新加入
ＦＣ琉球,26.30946,127.82087,IN,2023/12/28,MF　平松　昇,湘南,35.34083,139.33708,期限付き
ＦＣ琉球,26.30946,127.82087,IN,2023/12/27,DF　牟田　雄祐,岩手,39.64796,141.13786,新加入
ＦＣ琉球,26.30946,127.82087,IN,2023/12/26,DF　森　侑里,筑波大学,36.10270674994269,140.1075766071427,新加入
ＦＣ琉球,26.30946,127.82087,IN,2023/12/16,DF　荒木　遼太,中央大学,35.641389,139.405694,新加入
ＦＣ琉球,26.30946,127.82087,IN,2023/12/14,FW　白井　陽斗,岡山,34.68083,133.91856,新加入
ＦＣ琉球,26.30946,127.82087,IN,2023/12/13,MF　藤原　志龍,徳島,34.16721,134.6196,期限付き
ＦＣ琉球,26.30946,127.82087,IN,2023/12/13,MF　森田　凜,徳島,34.16721,134.6196,期限付き
ＦＣ琉球,26.30946,127.82087,IN,2023/12/7,DF　高安　孝幸,金沢,36.57584,136.60526,新加入
ＦＣ琉球,26.30946,127.82087,IN,2023/11/28,MF　津覇　実樹,ＦＣ琉球Ｕ－１８,26.30946,127.82087,トップ昇格
テゲバジャーロ宮崎,32.07352,131.49146,IN,2023/9/16,MF　金川　羅彌,日章学園高等学校,32.00097580239034,131.4409353117182,新加入
ＦＣ今治,34.04113,132.95798,IN,2023/12/20,MF　安藤　一哉,鳥取,35.45822,134.2218,新加入
テゲバジャーロ宮崎,32.07352,131.49146,IN,2023/10/3,MF　新城　暖基,テゲバジャーロ宮崎Ｕ－１８,32.07352,131.49146,トップ昇格
テゲバジャーロ宮崎,32.07352,131.49146,IN,2023/12/5,FW　永田　一真,福岡大学,33.54667740339269,130.36446895686507,新加入
ＦＣ今治,34.04113,132.95798,IN,2023/12/16,MF　新井　光,湘南,35.34083,139.33708,新加入
ＦＣ今治,34.04113,132.95798,IN,2023/12/8,GK　セランテス,UDログロニェス(スペイン),42.453333,-2.453333,新加入
ＦＣ今治,34.04113,132.95798,IN,2023/12/2,DF　市原　亮太,福山シティFC,34.478127533780984,133.4046337691712,復帰
ＦＣ今治,34.04113,132.95798,IN,2023/11/21,FW　桝田　凌我,日本体育大学,35.560731060496686,139.49901370769516,新加入
ギラヴァンツ北九州,33.88998,130.88846,IN,2023/12/16,DF　村松　航太,長崎,32.83737,130.0385,期限付き
ギラヴァンツ北九州,33.88998,130.88846,IN,2023/12/14,DF　夛田　凌輔,相模原,35.53152,139.3806,新加入
ギラヴァンツ北九州,33.88998,130.88846,IN,2023/12/13,MF　岡田　優希,宮崎,32.07352,131.49146,新加入
ギラヴァンツ北九州,33.88998,130.88846,IN,2023/12/9,FW　坪郷　来紀,ギラヴァンツ北九州Ｕ－１８,33.88998,130.88846,トップ昇格
ギラヴァンツ北九州,33.88998,130.88846,IN,2023/12/9,MF　野瀬　龍世,八戸,40.58717,141.45465,新加入
ギラヴァンツ北九州,33.88998,130.88846,IN,2023/12/9,FW　高　昇辰,日本文理大学,33.23482617761514,131.72446936640898,新加入
ギラヴァンツ北九州,33.88998,130.88846,IN,2023/12/5,DF　山脇　樺織,同志社大学,34.79945007421968,135.7614810144737,新加入
ギラヴァンツ北九州,33.88998,130.88846,IN,2023/12/5,MF　岡野　凜平,日本文理大学,33.23482617761514,131.72446936640898,新加入
ギラヴァンツ北九州,33.88998,130.88846,IN,2023/10/7,MF　若谷　拓海,山梨学院大学,35.654772345329654,138.60685758082587,新加入
ギラヴァンツ北九州,33.88998,130.88846,IN,2023/9/15,MF　高吉　正真,桐蔭横浜大学,35.568853511951566,139.52163576969582,新加入
テゲバジャーロ宮崎,32.07352,131.49146,IN,2023/1/13,FW　南野　遥海,Ｇ大阪,34.80179,135.53828,期限付き
テゲバジャーロ宮崎,32.07352,131.49146,IN,2023/1/9,FW　山崎　亮平,長崎,32.83737,130.0385,新加入
テゲバジャーロ宮崎,32.07352,131.49146,IN,2023/12/29,FW　石津　大介,岐阜,35.4506,136.77518,新加入
テゲバジャーロ宮崎,32.07352,131.49146,IN,2023/12/27,FW　松本　幹太,山形,38.33677,140.37708,期限付き
テゲバジャーロ宮崎,32.07352,131.49146,IN,2023/12/26,FW　杉浦　力斗,金沢,36.57584,136.60526,期限付き
テゲバジャーロ宮崎,32.07352,131.49146,IN,2023/12/26,DF　眞鍋　旭輝,山口,34.15754,131.43742,新加入
テゲバジャーロ宮崎,32.07352,131.49146,IN,2023/12/25,DF　井原　伸太郎,鹿児島,31.56379,130.55736,新加入
テゲバジャーロ宮崎,32.07352,131.49146,IN,2023/12/17,DF　北村　椋太,福島,37.72473,140.3649,新加入
テゲバジャーロ宮崎,32.07352,131.49146,IN,2023/12/16,MF　東出　壮太,熊本,32.84272,130.79193,新加入
テゲバジャーロ宮崎,32.07352,131.49146,IN,2023/12/9,FW　青戸　翔,讃岐,34.26231,133.78615,新加入
テゲバジャーロ宮崎,32.07352,131.49146,IN,2023/12/6,DF　西岡　大志,愛媛,33.76774,132.7959,新加入
テゲバジャーロ宮崎,32.07352,131.49146,IN,2023/10/14,GK　青木　心,順天堂大学,35.74781795240258,140.25777049464403,新加入
ＦＣ大阪,34.66873,135.62657,IN,2023/12/20,MF　吉馴　空矢,Ｃ大阪,34.61045,135.5145,完全移籍
ＦＣ大阪,34.66873,135.62657,IN,2023/12/26,FW　武田　太一,徳島,34.16721,134.6196,完全移籍
ＦＣ大阪,34.66873,135.62657,IN,2023/12/28,FW　古川　大悟,いわき,37.01492,140.85928,期限付き
ＳＣ相模原,35.53152,139.3806,IN,2023/12/18,MF　橋本　陸,福島,37.72473,140.3649,新加入
ＳＣ相模原,35.53152,139.3806,IN,2023/12/17,DF　綿引　康,宮崎,32.07352,131.49146,新加入
ＳＣ相模原,35.53152,139.3806,IN,2023/12/17,GK　古賀　貴大,アルビレックス新潟シンガポール(シンガポール),1.346839,103.729939,新加入
ＳＣ相模原,35.53152,139.3806,IN,2023/12/17,GK　猪瀬　康介,琉球,26.30946,127.82087,新加入
ＳＣ相模原,35.53152,139.3806,IN,2023/12/17,MF　金城　ジャスティン俊樹,VONDS市原,35.527903,140.071608,新加入
ＳＣ相模原,35.53152,139.3806,IN,2023/11/8,MF　西山　拓実,東海大学,35.36569101464411,139.27924328047337,新加入
ＳＣ相模原,35.53152,139.3806,IN,2023/10/25,DF　山下　諒時,拓殖大学,35.62561066960805,139.27724386931135,新加入
ＳＣ相模原,35.53152,139.3806,IN,2023/10/19,DF　水口　湧斗,中京大学,35.138583527795824,137.15216012288843,新加入
ＳＣ相模原,35.53152,139.3806,IN,2023/10/11,MF　佐野　陸人,法政大学,35.608847824909446,139.2925620306888,新加入
ＳＣ相模原,35.53152,139.3806,IN,2023/10/11,MF　若林　龍,法政大学,35.608847824909446,139.2925620306888,新加入
ＳＣ相模原,35.53152,139.3806,IN,2023/9/29,FW　左部　開斗,桐蔭横浜大学,35.568853511951566,139.52163576969582,新加入
ＳＣ相模原,35.53152,139.3806,IN,2023/8/29,FW　前田　泰良,東洋大学,35.8144250172124,139.5950286693112,新加入
ＳＣ相模原,35.53152,139.3806,IN,2023/8/29,MF　伊藤　恵亮,東洋大学,35.8144250172124,139.5950286693112,新加入
ＳＣ相模原,35.53152,139.3806,IN,2023/7/27,MF　牧山　晃政,国士舘大学,35.60977380049082,139.44774728835569,新加入
松本山雅ＦＣ,36.17962,137.91725,IN,2023/1/6,FW　ルーカス　ヒアン,ファルコンFC(ブラジル),-10.907156999832614,-37.027535907410815,新加入
松本山雅ＦＣ,36.17962,137.91725,IN,2023/1/6,FW　渡邉　千真,横浜FC,35.47043,139.60277,新加入
松本山雅ＦＣ,36.17962,137.91725,IN,2023/12/30,MF　滝　裕太,清水,34.9849,138.4821,期限付き
松本山雅ＦＣ,36.17962,137.91725,IN,2023/12/23,FW　鈴木　国友,群馬,36.41157,139.05321,復帰
松本山雅ＦＣ,36.17962,137.91725,IN,2023/12/20,MF　米原　秀亮,甲府,35.62075,138.58842,復帰
松本山雅ＦＣ,36.17962,137.91725,IN,2023/12/19,DF　藤谷　壮,北九州,33.88998,130.88846,新加入
松本山雅ＦＣ,36.17962,137.91725,IN,2023/12/19,DF　藤本　裕也,関東学院大学,35.324118051507696,139.62547590718628,新加入
松本山雅ＦＣ,36.17962,137.91725,IN,2023/12/18,MF　喜山　康平,岡山,34.68083,133.91856,新加入
松本山雅ＦＣ,36.17962,137.91725,IN,2023/12/14,MF　村越　凱光,ラインメール青森FC,40.843333,140.840056,復帰
松本山雅ＦＣ,36.17962,137.91725,IN,2023/12/5,FW　新井　直登,神奈川大学,35.5078614305254,139.53202434603318,新加入
松本山雅ＦＣ,36.17962,137.91725,IN,2023/11/28,DF　志村　滉,富士大学,39.36200683620634,141.10310324467076,新加入
ＳＣ相模原,35.53152,139.3806,IN,2023/12/20,FW　松澤　彰,東京武蔵野ユナイテッドFC,35.717853,139.5676,新加入
松本山雅ＦＣ,36.17962,137.91725,IN,2023/11/28,MF　國分　龍司,大阪学院大学,34.78604526894698,135.5382533003145,新加入
ＳＣ相模原,35.53152,139.3806,IN,2023/12/20,FW　栗原　イブラヒム　ジュニア,清水,34.9849,138.4821,新加入
ＳＣ相模原,35.53152,139.3806,IN,2023/12/22,DF　國廣　周平,SHIBUYACITYFC,35.676266504316985,139.6813911460301,新加入
福島ユナイテッドＦＣ,37.72473,140.3649,IN,2023/12/28,MF　古林　将太,湘南,35.34083,139.33708,新加入
福島ユナイテッドＦＣ,37.72473,140.3649,IN,2023/12/23,MF　宮崎　智彦,岡山,34.68083,133.91856,新加入
福島ユナイテッドＦＣ,37.72473,140.3649,IN,2023/11/27,FW　塩浜　遼,順天堂大学,35.74781795240258,140.25777049464403,新加入
福島ユナイテッドＦＣ,37.72473,140.3649,IN,2023/11/14,DF　鈴　直樹,青山学院大学,35.549218117681605,139.3874110978196,新加入
福島ユナイテッドＦＣ,37.72473,140.3649,IN,2023/11/4,FW　城定　幹大,産業能率大学,35.417933557309034,139.28234119476826,新加入
福島ユナイテッドＦＣ,37.72473,140.3649,IN,2023/11/2,DF　宝納　拓斗,佐賀東高校,33.236167,130.320306,新加入
福島ユナイテッドＦＣ,37.72473,140.3649,IN,2023/4/8,MF　粟野　健翔,仙台大学,38.05011618194556,140.77094146990842,新加入
Ｙ．Ｓ．Ｃ．Ｃ．横浜,35.47043,139.60277,IN,2023/1/22,GK　岡本　享也,岐阜,35.4506,136.77518,新加入
Ｙ．Ｓ．Ｃ．Ｃ．横浜,35.47043,139.60277,IN,2023/1/11,MF　小島　秀仁,千葉,35.57467,140.12413,新加入
Ｙ．Ｓ．Ｃ．Ｃ．横浜,35.47043,139.60277,IN,2023/1/9,MF　中里　崇宏,鈴鹿ポイントゲッターズ,34.834419,136.515964,新加入
Ｙ．Ｓ．Ｃ．Ｃ．横浜,35.47043,139.60277,IN,2023/12/28,FW　萱沼　優聖,八戸,40.58717,141.45465,新加入
Ｙ．Ｓ．Ｃ．Ｃ．横浜,35.47043,139.60277,IN,2023/12/28,MF　福田　翔生,今治,34.04113,132.95798,新加入
Ｙ．Ｓ．Ｃ．Ｃ．横浜,35.47043,139.60277,IN,2023/12/23,FW　吉井　佑将,讃岐,34.26231,133.78615,新加入
Ｙ．Ｓ．Ｃ．Ｃ．横浜,35.47043,139.60277,IN,2023/12/23,DF　大越　寛人,桐蔭横浜大学,35.568853511951566,139.52163576969582,新加入
Ｙ．Ｓ．Ｃ．Ｃ．横浜,35.47043,139.60277,IN,2023/12/23,MF　大竹　悠聖,桐蔭横浜大学,35.568853511951566,139.52163576969582,新加入
Ｙ．Ｓ．Ｃ．Ｃ．横浜,35.47043,139.60277,IN,2023/12/19,GK　児玉　潤,福山シティFC,34.478127533780984,133.4046337691712,新加入
Ｙ．Ｓ．Ｃ．Ｃ．横浜,35.47043,139.60277,IN,2023/12/19,DF　大嶋　春樹,中京大学,35.138583527795824,137.15216012288843,新加入
Ｙ．Ｓ．Ｃ．Ｃ．横浜,35.47043,139.60277,IN,2023/12/15,FW　坂本　順平,関東学院大学,35.324118051507696,139.62547590718628,新加入
Ｙ．Ｓ．Ｃ．Ｃ．横浜,35.47043,139.60277,IN,2023/12/13,FW　田原　廉登,産業能率大学,35.417933557309034,139.28234119476826,新加入
Ｙ．Ｓ．Ｃ．Ｃ．横浜,35.47043,139.60277,IN,2023/12/13,MF　道本　大飛,Y.S.C.C.セカンド,35.47043,139.60277,新加入
Ｙ．Ｓ．Ｃ．Ｃ．横浜,35.47043,139.60277,IN,2023/12/9,DF　二階堂　正哉,新潟医療福祉大学,37.97184130902624,139.1853965413248,新加入
Ｙ．Ｓ．Ｃ．Ｃ．横浜,35.47043,139.60277,IN,2023/12/9,DF　沼田　皇海,新潟医療福祉大学,37.97184130902624,139.1853965413248,新加入
ＳＣ相模原,35.53152,139.3806,IN,2023/12/28,MF　デューク　カルロス,岡山,34.68083,133.91856,新加入
ＳＣ相模原,35.53152,139.3806,IN,2023/12/28,DF　加藤　大育,ブリオベッカ浦安,35.627778,139.8925,新加入
ＳＣ相模原,35.53152,139.3806,IN,2023/12/24,MF　吉武　莉央,FC延岡AGATA,32.57127715131969,131.64153606137762,新加入
ＳＣ相模原,35.53152,139.3806,IN,2023/12/21,DF　温井　駿斗,藤枝,34.8791,138.23276,新加入
松本山雅ＦＣ,36.17962,137.91725,IN,2023/9/30,FW　田中　想来,松本山雅ＦＣ　Ｕ－１８,36.17962,137.91725,トップ昇格
松本山雅ＦＣ,36.17962,137.91725,IN,2023/3/18,MF　濱名　真央,松本大学,36.220346597678265,137.91122269584395,新加入
ＡＣ長野パルセイロ,36.57983,138.16821,IN,2023/1/31,GK　濵田　太郎,大分,33.20111,131.65639,期限付き
アスルクラロ沼津,35.1562,138.85132,IN,2023/12/14,GK　谷　俊勲,YS横浜,35.47043,139.60277,新加入
アスルクラロ沼津,35.1562,138.85132,IN,2023/12/14,DF　井上　航希,鈴鹿ポイントゲッターズ,34.834419,136.515964,復帰
アスルクラロ沼津,35.1562,138.85132,IN,2023/11/1,FW　赤塚　ミカエル,大阪産業大学,34.71851794696549,135.6640439,新加入
アスルクラロ沼津,35.1562,138.85132,IN,2023/8/31,MF　岩崎　圭吾,アスルクラロ沼津Ｕ１８,35.1562,138.85132,トップ昇格
ＦＣ岐阜,35.4506,136.77518,IN,2023/12/24,MF　窪田　稜,金沢,36.57584,136.60526,完全移籍
ＦＣ岐阜,35.4506,136.77518,IN,2023/12/17,MF　久保田　和音,群馬,36.41157,139.05321,期限付き
ＦＣ岐阜,35.4506,136.77518,IN,2023/12/14,DF　遠藤　元一,讃岐,34.26231,133.78615,新加入
ＦＣ岐阜,35.4506,136.77518,IN,2023/12/8,MF　川上　竜,相模原,35.53152,139.3806,新加入
ＦＣ岐阜,35.4506,136.77518,IN,2023/12/8,FW　浮田　健誠,相模原,35.53152,139.3806,新加入
ＦＣ岐阜,35.4506,136.77518,IN,2023/12/6,FW　田口　裕也,鳥取,35.45822,134.2218,新加入
ＦＣ岐阜,35.4506,136.77518,IN,2023/12/5,GK　茂木　秀,Ｃ大阪,34.61045,135.5145,新加入
ＦＣ岐阜,35.4506,136.77518,IN,2023/12/2,MF　石坂　亮人,福井ユナイテッドFC,36.190735400514015,136.1322523227494,復帰
ＦＣ岐阜,35.4506,136.77518,IN,2023/12/1,DF　三國　スティビアエブス,水戸,36.34767,140.41379,完全移籍
ＦＣ岐阜,35.4506,136.77518,IN,2023/11/30,MF　北　龍磨,沼津,35.1562,138.85132,新加入
ＦＣ岐阜,35.4506,136.77518,IN,2023/11/24,FW　楠本　羽翼,東海学園大学,35.12443018606257,137.10364594817037,新加入
ＦＣ岐阜,35.4506,136.77518,IN,2023/11/24,DF　和田　侑樹,東海学園大学,35.12443018606257,137.10364594817037,新加入
ＦＣ岐阜,35.4506,136.77518,IN,2023/11/11,GK　林　祥太郎,東京国際大学,35.933715023199234,139.3537527673722,新加入
ＦＣ岐阜,35.4506,136.77518,IN,2023/11/2,FW　上野　輝人,大阪経済大学,34.76265788346997,135.550901330688,新加入
ＦＣ岐阜,35.4506,136.77518,IN,2023/10/18,DF　羽田　一平,桐蔭横浜大学,35.568853511951566,139.52163576969582,新加入
ＦＣ岐阜,35.4506,136.77518,IN,2023/9/27,FW　横山　智也,岐阜協立大学,35.39415749234268,136.6222511344465,新加入
ＦＣ岐阜,35.4506,136.77518,IN,2023/9/22,DF　萩野　滉大,法政大学,35.608847824909446,139.2925620306888,新加入
ＦＣ大阪,34.66873,135.62657,IN,2023/2/1,GK　服部　一輝,八戸,40.58717,141.45465,新加入
ＦＣ大阪,34.66873,135.62657,IN,2023/1/15,DF　山田　祐樹,びわこ成蹊スポーツ大学,35.225958106387694,135.94973864321395,新加入
ＦＣ大阪,34.66873,135.62657,IN,2023/1/11,FW　島田　拓海,八戸,40.58717,141.45465,新加入
ＦＣ大阪,34.66873,135.62657,IN,2023/12/29,DF　板倉　洸,八戸,40.58717,141.45465,新加入
アスルクラロ沼津,35.1562,138.85132,IN,2023/12/16,FW　津久井　匠海,横浜FM,35.51012,139.60667,期限付き
アスルクラロ沼津,35.1562,138.85132,IN,2023/12/16,DF　市川　侑麻,東京２３ＦＣ,35.655172,139.852433,新加入
アスルクラロ沼津,35.1562,138.85132,IN,2023/12/24,MF　下川　雅人,金海市庁FC(韓国),35.255569,128.87638,新加入
アスルクラロ沼津,35.1562,138.85132,IN,2023/12/25,DF　ラウール　スダティ,Avai(ブラジル),-27.666389,-48.531667,新加入
ＡＣ長野パルセイロ,36.57983,138.16821,IN,2023/1/5,FW　木原　励,浦和,35.90248,139.71397,期限付き
ＡＣ長野パルセイロ,36.57983,138.16821,IN,2023/1/5,MF　西村　恭史,清水,34.9849,138.4821,期限付き
ＡＣ長野パルセイロ,36.57983,138.16821,IN,2023/1/5,DF　砂森　和也,鹿児島,31.56379,130.55736,新加入
ＡＣ長野パルセイロ,36.57983,138.16821,IN,2023/1/5,DF　佐古　真礼,東京Ｖ,35.66367,139.5289,期限付き
ＡＣ長野パルセイロ,36.57983,138.16821,IN,2023/12/28,FW　進　昂平,群馬,36.41157,139.05321,新加入
ＡＣ長野パルセイロ,36.57983,138.16821,IN,2023/12/21,MF　安東　輝,栃木シティフットボールクラブ,36.338477865384256,139.64597419999998,新加入
ＡＣ長野パルセイロ,36.57983,138.16821,IN,2023/12/21,MF　近藤　貴司,愛媛,33.76774,132.7959,新加入
ＡＣ長野パルセイロ,36.57983,138.16821,IN,2023/12/20,DF　大野　佑哉,松本,36.17962,137.91725,新加入
ＡＣ長野パルセイロ,36.57983,138.16821,IN,2023/12/17,FW　髙窪　健人,FC徳島,34.05491164424227,134.32488291534472,復帰
ＡＣ長野パルセイロ,36.57983,138.16821,IN,2023/12/16,DF　西田　勇祐,横浜FM,35.51012,139.60667,期限付き
ＡＣ長野パルセイロ,36.57983,138.16821,IN,2023/12/8,MF　青木　安里磨,松本大学,36.220346597678265,137.91122269584395,新加入
ＡＣ長野パルセイロ,36.57983,138.16821,IN,2023/12/8,MF　音泉　翔眞,水戸,36.34767,140.41379,期限付き
福島ユナイテッドＦＣ,37.72473,140.3649,IN,2023/1/7,GK　安西　駿,平成国際大学,36.10104949706395,139.6427172539668,新加入
ＡＣ長野パルセイロ,36.57983,138.16821,IN,2023/10/4,MF　丹羽　匠,早稲田大学,35.72651285540325,139.56263959342303,新加入
カターレ富山,36.62524,137.19659,IN,2023/12/22,MF　伊藤　拓巳,東海学園大学,35.12443018606257,137.10364594817037,新加入
カターレ富山,36.62524,137.19659,IN,2023/12/22,MF　坪川　潤之,長野,36.57983,138.16821,新加入
カターレ富山,36.62524,137.19659,IN,2023/12/15,GK　柴崎　貴広,相模原,35.53152,139.3806,新加入
カターレ富山,36.62524,137.19659,IN,2023/12/13,MF　脇本　晃成,岩手,39.64796,141.13786,新加入
カターレ富山,36.62524,137.19659,IN,2023/12/8,DF　大森　大地,アルビレックス新潟シンガポール(シンガポール),1.346839,103.729939,新加入
カターレ富山,36.62524,137.19659,IN,2023/12/5,DF　下堂　竜聖,八戸,40.58717,141.45465,新加入
カターレ富山,36.62524,137.19659,IN,2023/10/19,DF　鍋田　純志,桐蔭横浜大学,35.568853511951566,139.52163576969582,新加入
アスルクラロ沼津,35.1562,138.85132,IN,2023/1/12,FW　和田　育,筑波大学,36.10270674994269,140.1075766071427,新加入
アスルクラロ沼津,35.1562,138.85132,IN,2023/1/12,GK　渡辺　健太,讃岐,34.26231,133.78615,新加入
アスルクラロ沼津,35.1562,138.85132,IN,2023/1/12,DF　川前　陽斗,高知ユナイテッドSC,33.511064,133.502683,復帰
アスルクラロ沼津,35.1562,138.85132,IN,2023/1/9,MF　持井　響太,東京Ｖ,35.66367,139.5289,期限付き
アスルクラロ沼津,35.1562,138.85132,IN,2023/1/5,FW　安藤　阿雄依,清水,34.9849,138.4821,期限付き
ＡＣ長野パルセイロ,36.57983,138.16821,IN,2023/9/17,DF　鈴木　悠太,ＡＣ長野パルセイロＵ－１８,36.57983,138.16821,トップ昇格
水戸ホーリーホック,36.34767,140.41379,IN,2023/12/9,DF　田辺　陽太,おこしやす京都AC,34.94415114485965,135.7480206846556,復帰
清水エスパルス,34.9849,138.4821,IN,2023/12/22,DF　高橋　祐治,柏,35.84892,139.97501,新加入
水戸ホーリーホック,36.34767,140.41379,IN,2023/12/15,MF　小原　基樹,広島,34.43964,132.39497,期限付き
ＦＣ東京,35.66367,139.5289,IN,2023/1/7,FW　野澤　零温,相模原,35.53152,139.3806,復帰
横浜ＦＣ,35.47043,139.60277,IN,2023/6/11,MF　近藤　友喜,日本大学,35.61756425267655,139.4789607306888,新加入
横浜ＦＣ,35.47043,139.60277,IN,2023/7/19,GK　遠藤　雅己,明治大学,35.66314432680717,139.61727568925784,新加入
セレッソ大阪,34.61045,135.5145,IN,2023/2/1,MF　香川　真司,シント=トロイデンVV(ベルギー),50.81408080454878,5.166075965617525,新加入
ＦＣ東京,35.66367,139.5289,IN,2023/1/4,FW　ペロッチ,シャペコエンセ(ブラジル),-27.10337694634125,-52.6069171,期限付き
ＦＣ東京,35.66367,139.5289,IN,2023/12/13,GK　野澤　大志ブランドン,岩手,39.64796,141.13786,復帰
サガン鳥栖,33.37176,130.51994,IN,2023/8/12,DF　平瀬　大,早稲田大学,35.72651285540325,139.56263959342303,新加入
サガン鳥栖,33.37176,130.51994,IN,2023/9/21,DF　大里　皇馬,サガン鳥栖Ｕ－１８,33.37176,130.51994,トップ昇格
サガン鳥栖,33.37176,130.51994,IN,2023/9/21,DF　竹内　諒太郎,サガン鳥栖Ｕ－１８,33.37176,130.51994,トップ昇格
サガン鳥栖,33.37176,130.51994,IN,2023/9/21,MF　坂井　駿也,サガン鳥栖Ｕ－１８,33.37176,130.51994,トップ昇格
サガン鳥栖,33.37176,130.51994,IN,2023/9/21,MF　楢原　慶輝,サガン鳥栖Ｕ－１８,33.37176,130.51994,トップ昇格
ＦＣ東京,35.66367,139.5289,IN,2023/12/1,DF　徳元　悠平,岡山,34.68083,133.91856,新加入
ＦＣ東京,35.66367,139.5289,IN,2023/11/28,FW　仲川　輝人,横浜FM,35.51012,139.60667,新加入
柏レイソル,35.84892,139.97501,IN,2023/10/27,MF　落合　陸,東京国際大学,35.933715023199234,139.3537527673722,新加入
ＦＣ東京,35.66367,139.5289,IN,2023/11/27,MF　小泉　慶,鳥栖,33.37176,130.51994,新加入
ＦＣ東京,35.66367,139.5289,IN,2023/8/27,DF　東　廉太,ＦＣ東京Ｕ－１８,35.66367,139.5289,トップ昇格
ＦＣ東京,35.66367,139.5289,IN,2023/8/27,DF　土肥　幹太,ＦＣ東京Ｕ－１８,35.66367,139.5289,トップ昇格
ＦＣ東京,35.66367,139.5289,IN,2023/8/27,MF　俵積田　晃太,ＦＣ東京Ｕ－１８,35.66367,139.5289,トップ昇格
ＦＣ東京,35.66367,139.5289,IN,2023/2/10,MF　荒井　悠汰,昌平高校,36.05703323895499,139.7008206023103,新加入
ＦＣ東京,35.66367,139.5289,IN,2023/10/1,MF　寺山　翼,順天堂大学,35.74781795240258,140.25777049464403,新加入
ＦＣ東京,35.66367,139.5289,IN,2023/10/1,MF　西堂　久俊,早稲田大学,35.72651285540325,139.56263959342303,新加入
サガン鳥栖,33.37176,130.51994,IN,2023/10/27,FW　河波　櫻士,関東学院大,35.324118051507696,139.62547590718628,新加入
サガン鳥栖,33.37176,130.51994,IN,2023/11/27,GK　内山　圭,藤枝,34.8791,138.23276,新加入
サガン鳥栖,33.37176,130.51994,IN,2023/11/29,FW　富樫　敬真,仙台,38.31913,140.88171,新加入
サガン鳥栖,33.37176,130.51994,IN,2023/12/5,MF　樺山　諒乃介,横浜FM,35.51012,139.60667,新加入
サガン鳥栖,33.37176,130.51994,IN,2023/12/6,MF　河原　創,熊本,32.84272,130.79193,新加入
サガン鳥栖,33.37176,130.51994,IN,2023/12/9,FW　藤原　悠汰,山形,38.33677,140.37708,復帰
横浜ＦＣ,35.47043,139.60277,IN,2023/7/19,DF　林　幸多郎,明治大学,35.66314432680717,139.61727568925784,新加入
横浜ＦＣ,35.47043,139.60277,IN,2023/10/9,DF　ヴァンイヤーデン　ショーン,横浜ＦＣユース,35.47043,139.60277,トップ昇格
ＦＣ東京,35.66367,139.5289,IN,2023/8/27,FW　熊田　直紀,ＦＣ東京Ｕ－１８,35.66367,139.5289,トップ昇格
横浜ＦＣ,35.47043,139.60277,IN,2023/10/9,MF　清水　悠斗,横浜ＦＣユース,35.47043,139.60277,トップ昇格
柏レイソル,35.84892,139.97501,IN,2023/9/1,MF　熊澤　和希,流通経済大学,35.928649387459046,140.20484522215366,新加入
柏レイソル,35.84892,139.97501,IN,2023/12/6,DF　ジエゴ,鳥栖,33.37176,130.51994,新加入
柏レイソル,35.84892,139.97501,IN,2023/11/30,DF　片山　瑛一,清水,34.9849,138.4821,新加入
柏レイソル,35.84892,139.97501,IN,2023/11/30,DF　立田　悠悟,清水,34.9849,138.4821,新加入
柏レイソル,35.84892,139.97501,IN,2023/11/30,GK　守田　達弥,鳥栖,33.37176,130.51994,完全移籍
柏レイソル,35.84892,139.97501,IN,2023/11/24,MF　山田　康太,山形,38.33677,140.37708,新加入
柏レイソル,35.84892,139.97501,IN,2023/11/19,MF　高嶺　朋樹,札幌,43.0177717,141.4087122,新加入
柏レイソル,35.84892,139.97501,IN,2023/9/20,FW　山本　桜大,柏レイソルＵ－１８,35.84892,139.97501,トップ昇格
柏レイソル,35.84892,139.97501,IN,2023/9/20,MF　モハマド　ファルザン佐名,柏レイソルＵ－１８,35.84892,139.97501,トップ昇格
ガンバ大阪,34.80179,135.53828,IN,2023/1/27,MF　ネタ　ラヴィ,マッカビ・ハイファFC(イスラエル),32.784467132938154,34.964930573013405,新加入
ベガルタ仙台,38.31913,140.88171,IN,2023/7/11,MF　オナイウ　情滋,新潟医療福祉大学,37.97184130902624,139.1853965413248,新加入
ベガルタ仙台,38.31913,140.88171,IN,2023/8/2,FW　菅原　龍之助,産業能率大学,35.417933557309034,139.28234119476826,新加入
ベガルタ仙台,38.31913,140.88171,IN,2023/11/2,GK　梅田　陸空,大阪学院大学,34.78604526894698,135.5382533003145,新加入
ベガルタ仙台,38.31913,140.88171,IN,2023/11/15,MF　エヴェルトン,ポルティモネンセSAD(ポルトガル),37.13636733364496,-8.540087930688804,期限付き
ベガルタ仙台,38.31913,140.88171,IN,2023/11/17,DF　小出　悠太,大分,33.20111,131.65639,新加入
柏レイソル,35.84892,139.97501,IN,2023/9/20,FW　オウイエ　ウイリアム,日本体育大学柏高等学校,35.85826056106363,139.99130406136834,新加入
ベガルタ仙台,38.31913,140.88171,IN,2023/11/20,MF　相良　竜之介,鳥栖,33.37176,130.51994,期限付き
ベガルタ仙台,38.31913,140.88171,IN,2023/11/26,GK　林　彰洋,FC東京,35.66367,139.5289,新加入
ヴィッセル神戸,34.65666,135.16966,IN,2023/8/2,MF　安達　秀都,ヴィッセル神戸Ｕ－１８,34.65666,135.16966,トップ昇格
ベガルタ仙台,38.31913,140.88171,IN,2023/11/30,FW　山田　寛人,Ｃ大阪,34.61045,135.5145,期限付き
ベガルタ仙台,38.31913,140.88171,IN,2023/12/7,MF　秋山　陽介,千葉,35.57467,140.12413,復帰
ガンバ大阪,34.80179,135.53828,IN,2023/1/8,DF　半田　陸,山形,38.33677,140.37708,新加入
ガンバ大阪,34.80179,135.53828,IN,2023/1/5,FW　イッサム　ジェバリ,オーデンセボルドクルブ(デンマーク),55.39836131902541,10.3501492306888,新加入
ガンバ大阪,34.80179,135.53828,IN,2023/1/5,MF　ダワン,SCサンタリタ(ブラジル),-9.31548510982233,-35.94444523068649,完全移籍
ガンバ大阪,34.80179,135.53828,IN,2023/12/28,GK　谷　晃生,湘南,35.34083,139.33708,復帰
ガンバ大阪,34.80179,135.53828,IN,2023/12/28,DF　江川　湧清,長崎,32.83737,130.0385,新加入
ガンバ大阪,34.80179,135.53828,IN,2023/12/20,DF　佐藤　瑶大,仙台,38.31913,140.88171,復帰
ガンバ大阪,34.80179,135.53828,IN,2023/12/16,FW　塚元　大,金沢,36.57584,136.60526,復帰
ベガルタ仙台,38.31913,140.88171,IN,2023/12/12,MF　郷家　友太,神戸,34.65666,135.16966,新加入
ベガルタ仙台,38.31913,140.88171,IN,2023/12/15,MF　工藤　蒼生,阪南大学,34.57029394207302,135.54094795613,新加入
ガンバ大阪,34.80179,135.53828,IN,2023/12/7,MF　杉山　直宏,熊本,32.84272,130.79193,新加入
ベガルタ仙台,38.31913,140.88171,IN,2023/11/25,FW　ホ　ヨンジュン,浦項スティーラーズ(韓国),35.997781,129.384242,期限付き
サガン鳥栖,33.37176,130.51994,IN,2023/12/9,DF　山﨑　浩介,山形,38.33677,140.37708,新加入
サガン鳥栖,33.37176,130.51994,IN,2023/12/14,FW　岩崎　悠人,札幌,43.0177717,141.4087122,完全移籍
サガン鳥栖,33.37176,130.51994,IN,2023/12/16,DF　アンソニー　アクム,カイザー・チーフスＦＣ(南アフリカ),-26.102,27.778,新加入
横浜ＦＣ,35.47043,139.60277,IN,2023/12/25,FW　グエン　コンフオン,ホアンアイン・ザライＦＣ(ベトナム),13.979167,108.004918,新加入
横浜ＦＣ,35.47043,139.60277,IN,2023/12/26,DF　橋本　健人,山口,34.15754,131.43742,期限付き
横浜ＦＣ,35.47043,139.60277,IN,2023/12/26,MF　新井　瑞希,東京Ｖ,35.66367,139.5289,新加入
横浜ＦＣ,35.47043,139.60277,IN,2023/12/28,MF　三田　啓貴,FC東京,35.66367,139.5289,新加入
横浜ＦＣ,35.47043,139.60277,IN,2023/12/29,MF　ユーリ　ララ,CRヴァスコ・ダ・ガマ(ブラジル),-22.890833,-43.228056,新加入
横浜Ｆ・マリノス,35.51012,139.60667,IN,2023/12/27,FW　植中　朝日,長崎,32.83737,130.0385,新加入
横浜Ｆ・マリノス,35.51012,139.60667,IN,2023/12/26,MF　榊原　彗悟,ラインメール青森FC,40.843333,140.840056,復帰
横浜ＦＣ,35.47043,139.60277,IN,2023/12/29,FW　カプリーニ,ロンドリーナEC(ブラジル),-23.30766296481065,-51.1513851846556,新加入
ヴィッセル神戸,34.65666,135.16966,IN,2023/1/8,FW　川﨑　修平,ポルティモネンセSC(ポルトガル),37.13636733364496,-8.540087930688804,期限付き
ヴィッセル神戸,34.65666,135.16966,IN,2023/1/7,FW　ジェアン　パトリッキ,Ｃ大阪,34.61045,135.5145,新加入
ヴィッセル神戸,34.65666,135.16966,IN,2023/1/4,DF　マテウス　トゥーレル,CRフラメンゴ(ブラジル),-22.912167,-43.230164,完全移籍
横浜ＦＣ,35.47043,139.60277,IN,2023/1/6,FW　小川　慶治朗,FCソウル(韓国),37.568222,126.897361,復帰
サンフレッチェ広島,34.43964,132.39497,IN,2023/1/18,DF　山﨑　大地,順天堂大学,35.74781795240258,140.25777049464403,新加入
サンフレッチェ広島,34.43964,132.39497,IN,2023/1/18,DF　中野　就斗,桐蔭横浜大学,35.568853511951566,139.52163576969582,新加入
横浜ＦＣ,35.47043,139.60277,IN,2023/12/22,MF　坂本　亘基,熊本,32.84272,130.79193,新加入
サンフレッチェ広島,34.43964,132.39497,IN,2023/11/3,MF　越道　草太,サンフレッチェ広島ユース,34.43964,132.39497,トップ昇格
サンフレッチェ広島,34.43964,132.39497,IN,2023/12/9,GK　田中　雄大,秋田,39.71941,140.09393,新加入
サンフレッチェ広島,34.43964,132.39497,IN,2023/12/12,DF　志知　孝明,福岡,33.5863,130.46143,新加入
横浜Ｆ・マリノス,35.51012,139.60667,IN,2023/12/14,DF　上島　拓巳,柏,35.84892,139.97501,新加入
横浜Ｆ・マリノス,35.51012,139.60667,IN,2023/12/9,GK　白坂　楓馬,鹿児島,31.56379,130.55736,復帰
横浜Ｆ・マリノス,35.51012,139.60667,IN,2023/12/1,MF　井上　健太,大分,33.20111,131.65639,新加入
横浜Ｆ・マリノス,35.51012,139.60667,IN,2023/7/21,MF　木村　卓斗,明治大学,35.66314432680717,139.61727568925784,新加入
横浜Ｆ・マリノス,35.51012,139.60667,IN,2023/7/29,FW　村上　悠緋,関東学院大学,35.324118051507696,139.62547590718628,新加入
ヴィッセル神戸,34.65666,135.16966,IN,2023/1/4,MF　齊藤　未月,湘南,35.34083,139.33708,期限付き
ヴィッセル神戸,34.65666,135.16966,IN,2023/12/29,MF　井出　遥也,東京Ｖ,35.66367,139.5289,新加入
ヴィッセル神戸,34.65666,135.16966,IN,2023/12/20,DF　本多　勇喜,京都,35.01712,135.58121,新加入
ヴィッセル神戸,34.65666,135.16966,IN,2023/10/28,MF　浦　十藏,東福岡高校,33.59496064175952,130.43101478465562,新加入
ヴィッセル神戸,34.65666,135.16966,IN,2023/8/2,FW　冨永　虹七,ヴィッセル神戸Ｕ－１８,34.65666,135.16966,トップ昇格
ヴィッセル神戸,34.65666,135.16966,IN,2023/8/2,DF　寺阪　尚悟,ヴィッセル神戸Ｕ－１８,34.65666,135.16966,トップ昇格
サンフレッチェ広島,34.43964,132.39497,IN,2023/12/3,MF　松本　大弥,金沢,36.57584,136.60526,復帰
横浜ＦＣ,35.47043,139.60277,IN,2023/12/20,MF　井上　潮音,神戸,34.65666,135.16966,新加入
川崎フロンターレ,35.58683,139.64891,IN,2023/5/24,FW　山田　新,桐蔭横浜大学,35.568853511951566,139.52163576969582,新加入
横浜ＦＣ,35.47043,139.60277,IN,2023/12/16,FW　石井　快征,鳥栖,33.37176,130.51994,完全移籍
サガン鳥栖,33.37176,130.51994,IN,2023/12/20,FW　横山　歩夢,松本,36.17962,137.91725,新加入
サガン鳥栖,33.37176,130.51994,IN,2023/12/28,DF　坂本　稀吏也,山形,38.33677,140.37708,期限付き
サガン鳥栖,33.37176,130.51994,IN,2023/12/29,GK　コ　ボンジョ,龍仁大学校(韓国),37.22754210554304,127.1678000846556,新加入
横浜ＦＣ,35.47043,139.60277,IN,2023/10/9,MF　高塩　隼生,横浜ＦＣユース,35.47043,139.60277,トップ昇格
横浜ＦＣ,35.47043,139.60277,IN,2023/12/6,DF　ンドカ　ボニフェイス,東京Ｖ,35.66367,139.5289,新加入
横浜ＦＣ,35.47043,139.60277,IN,2023/12/6,MF　宇田　光史朗,興國高校,34.65364304471461,135.521644,新加入
セレッソ大阪,34.61045,135.5145,IN,2023/1/8,FW　カピシャーバ,ECジュベントゥージ(ブラジル),-29.162222,-51.176389,新加入
セレッソ大阪,34.61045,135.5145,IN,2023/1/7,GK　ヤン　ハンビン,FCソウル(韓国),37.568222,126.897361,新加入
セレッソ大阪,34.61045,135.5145,IN,2023/12/30,FW　藤尾　翔太,徳島,34.16721,134.6196,復帰
セレッソ大阪,34.61045,135.5145,IN,2023/12/27,FW　レオ　セアラ,横浜FM,35.51012,139.60667,新加入
アビスパ福岡,33.5863,130.46143,IN,2023/9/7,FW　鶴野　怜樹,福岡大学,33.54667740339269,130.36446895686507,新加入
セレッソ大阪,34.61045,135.5145,IN,2023/12/7,MF　ジョルディ　クルークス,福岡,33.5863,130.46143,新加入
セレッソ大阪,34.61045,135.5145,IN,2023/11/16,FW　木下　慎之輔,セレッソ大阪Ｕ－１８,34.61045,135.5145,トップ昇格
セレッソ大阪,34.61045,135.5145,IN,2023/11/16,MF　石渡　ネルソン,セレッソ大阪Ｕ－１８,34.61045,135.5145,トップ昇格
セレッソ大阪,34.61045,135.5145,IN,2023/3/26,MF　阪田　澪哉,東山高等学校,35.01350589059959,135.794213,新加入
セレッソ大阪,34.61045,135.5145,IN,2023/2/17,MF　大迫　塁,神村学園高等学校,31.70507927368777,130.28093449151805,新加入
横浜ＦＣ,35.47043,139.60277,IN,2023/12/7,MF　高井　和馬,山口,34.15754,131.43742,新加入
横浜ＦＣ,35.47043,139.60277,IN,2023/12/15,GK　永井　堅梧,清水,34.9849,138.4821,期限付き
横浜ＦＣ,35.47043,139.60277,IN,2023/12/14,DF　吉野　恭平,仙台,38.31913,140.88171,新加入
川崎フロンターレ,35.58683,139.64891,IN,2023/6/28,DF　松長根　悠仁,川崎フロンターレＵ－１８,35.58683,139.64891,トップ昇格
川崎フロンターレ,35.58683,139.64891,IN,2023/6/28,MF　大関　友翔,川崎フロンターレＵ－１８,35.58683,139.64891,トップ昇格
川崎フロンターレ,35.58683,139.64891,IN,2023/9/7,MF　名願　斗哉,履正社高校,34.77525169401225,135.48000631040296,新加入
川崎フロンターレ,35.58683,139.64891,IN,2023/11/29,FW　瀬川　祐輔,湘南,35.34083,139.33708,新加入
柏レイソル,35.84892,139.97501,IN,2023/12/7,MF　仙頭　啓矢,名古屋,35.08457,137.17126,新加入
川崎フロンターレ,35.58683,139.64891,IN,2023/12/7,GK　上福元　直人,京都,35.01712,135.58121,新加入
アビスパ福岡,33.5863,130.46143,IN,2023/12/20,DF　亀川　諒史,横浜FC,35.47043,139.60277,新加入
アビスパ福岡,33.5863,130.46143,IN,2023/12/16,FW　佐藤　凌我,東京Ｖ,35.66367,139.5289,新加入
アビスパ福岡,33.5863,130.46143,IN,2023/11/28,MF　紺野　和也,FC東京,35.66367,139.5289,新加入
アビスパ福岡,33.5863,130.46143,IN,2023/11/26,GK　坂田　大樹,いわき,37.01492,140.85928,新加入
川崎フロンターレ,35.58683,139.64891,IN,2023/12/9,DF　大南　拓磨,柏,35.84892,139.97501,新加入
川崎フロンターレ,35.58683,139.64891,IN,2023/12/20,FW　宮代　大聖,鳥栖,33.37176,130.51994,復帰
アビスパ福岡,33.5863,130.46143,IN,2023/1/26,DF　小田　逸稀,鹿島,35.98903,140.64299,新加入
柏レイソル,35.84892,139.97501,IN,2023/2/2,FW　フロート,ヴィボーFF(デンマーク),56.45563328745804,9.4017878730134,新加入
ベガルタ仙台,38.31913,140.88171,IN,2023/11/29,DF　菅田　真啓,熊本,32.84272,130.79193,新加入
ヴィッセル神戸,34.65666,135.16966,IN,2023/10/1,MF　泉　柊椰,びわこ成蹊スポーツ大学,35.225958106387694,135.94973864321395,新加入
いわきＦＣ,37.01492,140.85928,IN,2023/12/13,MF　下田　栄祐,鹿島,35.98903,140.64299,期限付き
いわきＦＣ,37.01492,140.85928,IN,2023/12/12,FW　坂元　一渚璃,報徳学園高校,34.76978275788972,135.37172759846163,新加入
いわきＦＣ,37.01492,140.85928,IN,2023/12/7,DF　石田　侑資,鳥取,35.45822,134.2218,新加入
いわきＦＣ,37.01492,140.85928,IN,2023/11/16,DF　河村　匠,大阪体育大学,34.38175994218773,135.35961742596123,新加入
モンテディオ山形,38.33677,140.37708,IN,2023/12/13,MF　田中　渉,仙台,38.31913,140.88171,新加入
モンテディオ山形,38.33677,140.37708,IN,2023/12/14,MF　小野　雅史,大宮,35.91879,139.63179,新加入
モンテディオ山形,38.33677,140.37708,IN,2023/12/16,FW　高橋　潤哉,福島,37.72473,140.3649,復帰
モンテディオ山形,38.33677,140.37708,IN,2023/12/20,DF　西村　慧祐,大宮,35.91879,139.63179,期限付き
モンテディオ山形,38.33677,140.37708,IN,2023/12/21,FW　後藤　優介,清水,34.9849,138.4821,新加入
いわきＦＣ,37.01492,140.85928,IN,2023/11/16,MF　鏑木　瑞生,拓殖大学,35.62561066960805,139.27724386931135,新加入
いわきＦＣ,37.01492,140.85928,IN,2023/11/16,DF　速水　修平,常葉大学,34.813717983717154,137.7076005153449,新加入
いわきＦＣ,37.01492,140.85928,IN,2023/1/29,MF　芳賀　日陽,作新学院大学,36.54272298457804,139.9789025477471,新加入
浦和レッズ,35.90248,139.71397,IN,2023/1/17,DF　マリウス　ホイブラーテン,FKボーデ/グリムト(ノルウェー),67.27689074886446,14.384484961368344,新加入
浦和レッズ,35.90248,139.71397,IN,2023/12/17,FW　興梠　慎三,札幌,43.0177717,141.4087122,復帰
浦和レッズ,35.90248,139.71397,IN,2023/12/15,FW　髙橋　利樹,熊本,32.84272,130.79193,新加入
浦和レッズ,35.90248,139.71397,IN,2023/12/13,DF　荻原　拓也,京都,35.01712,135.58121,復帰
浦和レッズ,35.90248,139.71397,IN,2023/12/8,GK　吉田　舜,大分,33.20111,131.65639,新加入
浦和レッズ,35.90248,139.71397,IN,2023/11/17,MF　岩尾　憲,徳島,34.16721,134.6196,完全移籍
アルビレックス新潟,37.88299,139.05989,IN,2023/1/13,MF　ダニーロ　ゴメス,AAポンチプレッタ(ブラジル),-22.913611,-47.051389,新加入
アルビレックス新潟,37.88299,139.05989,IN,2023/1/13,FW　グスタボ　ネスカウ,クイアバEC(ブラジル),-15.603056,-56.120556,新加入
北海道コンサドーレ札幌,43.0177717,141.4087122,IN,2023/9/20,FW　大森　真吾,順天堂大学,35.74781795240258,140.25777049464403,新加入
京都サンガF.C.,35.01712,135.58121,IN,2023/12/5,FW　パトリック,Ｇ大阪,34.80179,135.53828,新加入
京都サンガF.C.,35.01712,135.58121,IN,2023/11/3,DF　福田　心之助,明治大学,35.66314432680717,139.61727568925784,新加入
いわきＦＣ,37.01492,140.85928,IN,2023/12/23,MF　加瀬　直輝,流通経済大学,35.928649387459046,140.20484522215366,新加入
北海道コンサドーレ札幌,43.0177717,141.4087122,IN,2023/10/9,GK　ク　ソンユン,金泉尚武(韓国),36.14045162389795,128.08633451534206,新加入
いわきＦＣ,37.01492,140.85928,IN,2023/12/26,MF　宮崎　幾笑,岡山,34.68083,133.91856,期限付き
京都サンガF.C.,35.01712,135.58121,IN,2023/1/7,GK　ヴァルネル　ハーン,ＩＦＫヨーテボリ(スウェーデン),57.706233,11.980717,新加入
京都サンガF.C.,35.01712,135.58121,IN,2023/12/21,DF　イヨハ　理　ヘンリー,広島,34.43964,132.39497,期限付き
鹿島アントラーズ,35.98903,140.64299,IN,2023/1/5,MF　須藤　直輝,金沢,36.57584,136.60526,復帰
鹿島アントラーズ,35.98903,140.64299,IN,2023/12/26,FW　染野　唯月,東京Ｖ,35.66367,139.5289,復帰
鹿島アントラーズ,35.98903,140.64299,IN,2023/12/25,FW　垣田　裕暉,鳥栖,33.37176,130.51994,復帰
鹿島アントラーズ,35.98903,140.64299,IN,2023/12/21,MF　佐野　海舟,町田,35.59248,139.43889,新加入
鹿島アントラーズ,35.98903,140.64299,IN,2023/12/8,DF　昌子　源,Ｇ大阪,34.80179,135.53828,新加入
鹿島アントラーズ,35.98903,140.64299,IN,2023/12/7,GK　パク　ウィジョン,漢陽工業高校(韓国),37.56608728556967,127.0116543274669,新加入
鹿島アントラーズ,35.98903,140.64299,IN,2023/11/30,DF　植田　直通,ニーム・オリンピック(フランス),43.815945553015936,4.359198886508162,新加入
鹿島アントラーズ,35.98903,140.64299,IN,2023/11/26,FW　知念　慶,川崎Ｆ,35.58683,139.64891,新加入
鹿島アントラーズ,35.98903,140.64299,IN,2023/11/25,MF　藤井　智也,広島,34.43964,132.39497,新加入
鹿島アントラーズ,35.98903,140.64299,IN,2023/11/17,FW　師岡　柊生,東京国際大学,35.933715023199234,139.3537527673722,新加入
鹿島アントラーズ,35.98903,140.64299,IN,2023/9/20,DF　津久井　佳祐,昌平高校,36.05703323895499,139.7008206023103,新加入
京都サンガF.C.,35.01712,135.58121,IN,2023/12/20,FW　木下　康介,水戸,36.34767,140.41379,新加入
京都サンガF.C.,35.01712,135.58121,IN,2023/12/20,MF　佐藤　響,鳥栖,33.37176,130.51994,完全移籍
京都サンガF.C.,35.01712,135.58121,IN,2023/12/20,MF　金子　大毅,浦和,35.90248,139.71397,完全移籍
京都サンガF.C.,35.01712,135.58121,IN,2023/12/13,MF　谷内田　哲平,栃木,36.5155,139.85779,復帰
京都サンガF.C.,35.01712,135.58121,IN,2023/12/9,DF　三竿　雄斗,大分,33.20111,131.65639,新加入
モンテディオ山形,38.33677,140.37708,IN,2023/7/8,DF　吉田　泰授,山梨学院大学,35.654772345329654,138.60685758082587,新加入
モンテディオ山形,38.33677,140.37708,IN,2023/12/7,MF　イサカ　ゼイン,川崎Ｆ,35.58683,139.64891,新加入
モンテディオ山形,38.33677,140.37708,IN,2023/12/8,DF　成瀬　竣平,名古屋,35.08457,137.17126,期限付き
モンテディオ山形,38.33677,140.37708,IN,2023/12/9,DF　熊本　雄太,福岡,33.5863,130.46143,新加入
京都サンガF.C.,35.01712,135.58121,IN,2023/12/7,MF　平戸　太貴,町田,35.59248,139.43889,新加入
いわきＦＣ,37.01492,140.85928,IN,2023/12/25,GK　高木和　徹,東京Ｖ,35.66367,139.5289,期限付き
北海道コンサドーレ札幌,43.0177717,141.4087122,IN,2023/11/12,MF　スパチョーク,ブリーラム・ユナイテッドFC,14.96663,103.096003,完全移籍
京都サンガF.C.,35.01712,135.58121,IN,2023/12/6,FW　一美　和成,徳島,34.16721,134.6196,新加入
北海道コンサドーレ札幌,43.0177717,141.4087122,IN,2023/12/12,MF　小林　祐希,神戸,34.65666,135.16966,新加入
ブラウブリッツ秋田,39.71941,140.09393,IN,2023/12/21,MF　鈴木　陽成,ブラウブリッツ秋田Ｕ－１８,39.71941,140.09393,トップ昇格
ブラウブリッツ秋田,39.71941,140.09393,IN,2023/12/20,DF　阿部　海大,岡山,34.68083,133.91856,期限付き
ブラウブリッツ秋田,39.71941,140.09393,IN,2023/12/15,FW　丹羽　詩温,金沢,36.57584,136.60526,期限付き
名古屋グランパス,35.08457,137.17126,IN,2023/12/8,MF　和泉　竜司,鹿島,35.98903,140.64299,新加入
ブラウブリッツ秋田,39.71941,140.09393,IN,2023/12/5,FW　梶谷　政仁,鳥栖,33.37176,130.51994,期限付き
ブラウブリッツ秋田,39.71941,140.09393,IN,2023/12/8,DF　星　キョーワァン,横浜FC,35.47043,139.60277,新加入
浦和レッズ,35.90248,139.71397,IN,2023/8/17,MF　堀内　陽太,浦和レッズユース,35.90248,139.71397,トップ昇格
ブラウブリッツ秋田,39.71941,140.09393,IN,2023/12/14,GK　山田　元気,山口,34.15754,131.43742,新加入
水戸ホーリーホック,36.34767,140.41379,IN,2023/12/12,MF　武田　英寿,浦和,35.90248,139.71397,期限付き
ブラウブリッツ秋田,39.71941,140.09393,IN,2023/1/6,GK　圍　謙太朗,相模原,35.53152,139.3806,新加入
北海道コンサドーレ札幌,43.0177717,141.4087122,IN,2023/12/2,MF　浅野　雄也,広島,34.43964,132.39497,新加入
ブラウブリッツ秋田,39.71941,140.09393,IN,2023/12/13,GK　小澤　章人,水戸,36.34767,140.41379,新加入
ブラウブリッツ秋田,39.71941,140.09393,IN,2023/12/12,MF　水谷　拓磨,長野,36.57983,138.16821,新加入
湘南ベルマーレ,35.34083,139.33708,IN,2023/1/6,MF　永木　亮太,名古屋,35.08457,137.17126,復帰
湘南ベルマーレ,35.34083,139.33708,IN,2023/11/22,DF　柴田　徹,早稲田大学,35.72651285540325,139.56263959342303,新加入
湘南ベルマーレ,35.34083,139.33708,IN,2023/11/24,GK　馬渡　洋樹,岡山,34.68083,133.91856,完全移籍
湘南ベルマーレ,35.34083,139.33708,IN,2023/11/25,MF　小野瀬　康介,Ｇ大阪,34.80179,135.53828,新加入
湘南ベルマーレ,35.34083,139.33708,IN,2023/11/30,MF　阿部　浩之,名古屋,35.08457,137.17126,完全移籍
湘南ベルマーレ,35.34083,139.33708,IN,2023/11/30,DF　杉岡　大暉,鹿島,35.98903,140.64299,完全移籍
湘南ベルマーレ,35.34083,139.33708,IN,2023/12/1,DF　吉田　新,立正大学,36.11040034780686,139.36107525368166,新加入
ブラウブリッツ秋田,39.71941,140.09393,IN,2023/12/13,FW　畑　潤基,岐阜,35.4506,136.77518,新加入
湘南ベルマーレ,35.34083,139.33708,IN,2023/12/15,FW　山下　敬大,FC東京,35.66367,139.5289,期限付き
ブラウブリッツ秋田,39.71941,140.09393,IN,2023/12/1,MF　諸岡　裕人,福島,37.72473,140.3649,新加入
ブラウブリッツ秋田,39.71941,140.09393,IN,2023/7/15,DF　髙田　椋汰,阪南大学,34.57029394207302,135.54094795613,新加入
アルビレックス新潟,37.88299,139.05989,IN,2023/12/13,FW　太田　修介,町田,35.59248,139.43889,新加入
アルビレックス新潟,37.88299,139.05989,IN,2023/12/2,DF　新井　直人,Ｃ大阪,34.61045,135.5145,新加入
京都サンガF.C.,35.01712,135.58121,IN,2023/10/21,DF　植田　悠太,京都サンガF.C.Ｕ－１８,35.01712,135.58121,トップ昇格
名古屋グランパス,35.08457,137.17126,IN,2023/12/20,GK　三井　大輝,沼津,35.1562,138.85132,復帰
ブラウブリッツ秋田,39.71941,140.09393,IN,2023/11/29,DF　河野　貴志,北九州,33.88998,130.88846,新加入
名古屋グランパス,35.08457,137.17126,IN,2023/11/27,MF　ターレス,熊本,32.84272,130.79193,復帰
名古屋グランパス,35.08457,137.17126,IN,2023/11/30,MF　山田　陸,甲府,35.62075,138.58842,新加入
名古屋グランパス,35.08457,137.17126,IN,2023/10/4,DF　行徳　瑛,静岡学園高等学校,34.982524627791,138.3940836576722,新加入
名古屋グランパス,35.08457,137.17126,IN,2023/12/7,MF　米本　拓司,湘南,35.34083,139.33708,復帰
名古屋グランパス,35.08457,137.17126,IN,2023/1/5,FW　キャスパー　ユンカー,浦和,35.90248,139.71397,期限付き
京都サンガF.C.,35.01712,135.58121,IN,2023/10/21,FW　平賀　大空,京都サンガF.C.Ｕ－１８,35.01712,135.58121,トップ昇格
京都サンガF.C.,35.01712,135.58121,IN,2023/10/1,FW　木村　勇大,関西学院大学,34.77318621738733,135.34051263980038,新加入
ブラウブリッツ秋田,39.71941,140.09393,IN,2023/1/6,MF　田中　裕人,愛媛,33.76774,132.7959,新加入
名古屋グランパス,35.08457,137.17126,IN,2023/12/2,DF　野上　結貴,広島,34.43964,132.39497,新加入
湘南ベルマーレ,35.34083,139.33708,IN,2023/12/18,GK　ソン　ボムグン,全北現代(韓国),35.868111,127.064444,新加入
アルビレックス新潟,37.88299,139.05989,OUT,2023/12/7,FW　アレクサンドレ　ゲデス,FCパソス・デ・フェレイラ(ポルトガル),41.272039494721774,-8.384968269311196,
カターレ富山,36.62524,137.19659,OUT,2023/12/20,MF　チェン　ビンビン,上海海港足球倶楽部(中国),31.24063391600133,121.60698066853264,復帰
アルビレックス新潟,37.88299,139.05989,OUT,2023/1/13,MF　イッペイ　シノヅカ,柏,35.84892,139.97501,復帰
アスルクラロ沼津,35.1562,138.85132,OUT,2023/1/27,MF　鬼島　和希,VONDS市原,35.527903,140.071608,
アスルクラロ沼津,35.1562,138.85132,OUT,2023/1/13,FW　ハディ　ファイヤッド,岡山,34.68083,133.91856,復帰
アスルクラロ沼津,35.1562,138.85132,OUT,2023/12/27,FW　グエン　ゴック　ハウ,サイゴンFC(ベトナム),10.760703,106.663331,復帰
アスルクラロ沼津,35.1562,138.85132,OUT,2023/12/5,MF　瓜生　昂勢,ヴェルスパ大分,33.221633754570504,131.65051729102086,
アスルクラロ沼津,35.1562,138.85132,OUT,2023/12/27,FW　グエン　バン　ソン,サイゴンFC(ベトナム),10.760703,106.663331,復帰
湘南ベルマーレ,35.34083,139.33708,OUT,2023/12/16,DF　石井　大生,ヴィアティン三重,35.04225,136.68775,期限付き
湘南ベルマーレ,35.34083,139.33708,OUT,2023/12/16,GK　真田　幸太,ヴィアティン三重,35.04225,136.68775,期限付き
アスルクラロ沼津,35.1562,138.85132,OUT,2023/12/23,GK　野村　政孝,富山新庄クラブ,36.74374570243,137.23876426137582,
カターレ富山,36.62524,137.19659,OUT,2023/11/26,DF　濱　大耀,札幌,43.0177717,141.4087122,復帰
アスルクラロ沼津,35.1562,138.85132,OUT,2023/12/27,MF　ブイ　ゴック　ロン,サイゴンFC(ベトナム),10.760703,106.663331,復帰
ＳＣ相模原,35.53152,139.3806,OUT,2023/1/27,FW　船山　貴之,ラインメール青森,40.843333,140.840056,
ＳＣ相模原,35.53152,139.3806,OUT,2023/1/20,MF　高山　薫,台中FUTURO(台湾),24.82478614831975,121.0194413386224,
横浜ＦＣ,35.47043,139.60277,OUT,2023/12/29,MF　ハイネル,トンベンセ(ブラジル),-20.90734280727499,-42.03099768465347,復帰
横浜ＦＣ,35.47043,139.60277,OUT,2023/12/7,DF　イサカ　ゼイン,川崎Ｆ,35.58683,139.64891,復帰
松本山雅ＦＣ,36.17962,137.91725,OUT,2023/12/16,FW　戸島　章,栃木シティフットボールクラブ,36.338477865384256,139.64597419999998,完全移籍
湘南ベルマーレ,35.34083,139.33708,OUT,2023/1/6,MF　原　直生,FCティアモ枚方,34.820111,135.683833,
湘南ベルマーレ,35.34083,139.33708,OUT,2023/1/8,MF　横川　旦陽,アルビレックス新潟シンガポール(シンガポール),1.346839,103.729939,
横浜ＦＣ,35.47043,139.60277,OUT,2023/11/24,FW　山谷　侑士,横浜FM,35.51012,139.60667,復帰
松本山雅ＦＣ,36.17962,137.91725,OUT,2023/2/3,MF　田中　パウロ淳一,栃木シティフットボールクラブ,36.338477865384256,139.64597419999998,
松本山雅ＦＣ,36.17962,137.91725,OUT,2023/12/27,MF　吉田　将也,ラインメール青森FC,40.843333,140.840056,
横浜ＦＣ,35.47043,139.60277,OUT,2023/2/1,MF　古宿　理久,高知ユナイテッドSC,33.511064,133.502683,
ＳＣ相模原,35.53152,139.3806,OUT,2023/1/20,MF　梅鉢　貴秀,サザーランド・シャークスFC(オーストラリア),-34.03025134980848,151.10090955730382,
横浜ＦＣ,35.47043,139.60277,OUT,2023/2/1,FW　三浦　知良,UDオリヴェイレンセ(ポルトガル),40.84271185202962,-8.470592934382475,期限付き
カターレ富山,36.62524,137.19659,OUT,2023/1/11,MF　堀　脩大,東京武蔵野ユナイテッドFC,35.717853,139.5676,期限付き
カターレ富山,36.62524,137.19659,OUT,2023/1/21,DF　髙山　和真,ホウガン・ユナイテッドFC(シンガポール),1.3704360161406002,103.8857855809598,
ＡＣ長野パルセイロ,36.57983,138.16821,OUT,2023/11/22,FW　佐野　翼,クリアソン新宿,35.66613677970436,139.52328583068882,
ＳＣ相模原,35.53152,139.3806,OUT,2023/1/5,DF　福島　竜弥,浦和,35.90248,139.71397,復帰
ＡＣ長野パルセイロ,36.57983,138.16821,OUT,2023/12/23,MF　住永　翔,ラインメール青森FC,40.843333,140.840056,
ＡＣ長野パルセイロ,36.57983,138.16821,OUT,2023/12/23,MF　山口　和樹,ラインメール青森FC,40.843333,140.840056,
ＡＣ長野パルセイロ,36.57983,138.16821,OUT,2023/12/26,DF　川田　拳登,VONDS市原FC,35.527903,140.071608,
ＡＣ長野パルセイロ,36.57983,138.16821,OUT,2023/1/9,DF　敷田　唯,東京23フットボールクラブ,35.655172,139.852433,期限付き
浦和レッズ,35.90248,139.71397,OUT,2023/1/10,DF　宮本　優太,KMSKデインズ(ベルギー),50.984431142829294,3.520452830684172,期限付き
浦和レッズ,35.90248,139.71397,OUT,2023/1/30,MF　松尾　佑介,KVCウェステルロー(ベルギー),51.094722,4.928889,期限付き
鹿島アントラーズ,35.98903,140.64299,OUT,2023/12/12,MF　三竿　健斗,CDサンタ・クララ(ポルトガル),37.76440348849747,-25.62254608465792,
鹿島アントラーズ,35.98903,140.64299,OUT,2023/12/28,FW　エヴェラウド,ECバイーア(ブラジル),-12.97813998570667,-38.50432818465792,
愛媛ＦＣ,33.76774,132.7959,OUT,2023/11/26,GK　板橋　洋青,鳥栖,33.37176,130.51994,復帰
浦和レッズ,35.90248,139.71397,OUT,2023/12/26,MF　江坂　任,蔚山現代FC(韓国),35.543306,129.256436,
テゲバジャーロ宮崎,32.07352,131.49146,OUT,2023/12/29,FW　薗田　卓馬,ジェイリースFC,33.2419968588262,131.606773423278,
北海道コンサドーレ札幌,43.0177717,141.4087122,OUT,2023/1/28,MF　檀崎　竜孔,マザーウェル(スコットランド),55.779947,-3.980078,
ＦＣ琉球,26.30946,127.82087,OUT,2023/12/30,MF　澤田　将,ポルティモネンセＵ－２３(ポルトガル),37.13636733364496,-8.540087930688804,
ＦＣ琉球,26.30946,127.82087,OUT,2023/12/23,DF　村瀬　悠介,FCマルヤス岡崎,34.980725,137.188486,完全移籍
ＦＣ琉球,26.30946,127.82087,OUT,2023/11/11,MF　シティチョーク　パソ,チョンブリーＦＣ(タイ),13.364444,100.976389,復帰
テゲバジャーロ宮崎,32.07352,131.49146,OUT,2023/1/6,DF　神野　亮太,ヴェロスクロノス都農,32.26737460748144,131.55778385514444,
テゲバジャーロ宮崎,32.07352,131.49146,OUT,2023/12/12,MF　三村　真,福山シティFC,34.478127533780984,133.4046337691712,
鹿児島ユナイテッドＦＣ,31.56379,130.55736,OUT,2023/1/7,MF　石津　快,FC徳島,34.05491164424227,134.32488291534472,期限付き
鹿児島ユナイテッドＦＣ,31.56379,130.55736,OUT,2023/1/6,DF　濱口　功聖,ヴェロスクロノス都農,32.26737460748144,131.55778385514444,完全移籍
鹿児島ユナイテッドＦＣ,31.56379,130.55736,OUT,2023/12/25,MF　八反田　康平,ジェイリースFC,33.2419968588262,131.606773423278,
鹿児島ユナイテッドＦＣ,31.56379,130.55736,OUT,2023/1/6,DF　衛藤　幹弥,ヴェロスクロノス都農,32.26737460748144,131.55778385514444,
川崎フロンターレ,35.58683,139.64891,OUT,2023/12/29,DF　谷口　彰悟,アル・ラーヤンSC(カタール),25.330538,51.341279,
ＦＣ大阪,34.66873,135.62657,OUT,2023/1/22,DF　橋本　侑紀,BulliFC(オーストラリア),-34.33800519611536,150.90629421164434,
ＦＣ大阪,34.66873,135.62657,OUT,2023/1/6,FW　伊能　玲生,ヴェロスクロノス都農,32.26737460748144,131.55778385514444,
ＦＣ大阪,34.66873,135.62657,OUT,2023/12/27,MF　吉田　大河,VONDS市原FC,35.527903,140.071608,完全移籍
ＦＣ大阪,34.66873,135.62657,OUT,2023/12/24,MF　髙橋　大,東京２３ＦＣ,35.655172,139.852433,
ＦＣ大阪,34.66873,135.62657,OUT,2023/12/23,MF　森山　真伍,ＦＣ延岡ＡＧＡＴＡ,32.57127715131969,131.64153606137762,
奈良クラブ,34.69757,135.82916,OUT,2023/1/27,GK　金子　優希,北海道十勝スカイアース,42.89,143.141944,
奈良クラブ,34.69757,135.82916,OUT,2023/1/5,MF　長島　滉大,ヴェルスパ大分,33.221633754570504,131.65051729102086,
奈良クラブ,34.69757,135.82916,OUT,2023/12/12,MF　金子　雄祐,ヴェルスパ大分,33.221633754570504,131.65051729102086,
Ｙ．Ｓ．Ｃ．Ｃ．横浜,35.47043,139.60277,OUT,2023/11/22,DF　西山　雄介,BanyulecitySC(オーストラリア),-37.74702645291029,145.08928357672198,
ＦＣ岐阜,35.4506,136.77518,OUT,2023/11/17,GK　桐畑　和繁,柏,35.84892,139.97501,復帰
横浜Ｆ・マリノス,35.51012,139.60667,OUT,2023/12/22,GK　中林　洋次,南葛SC,35.736706170515355,139.86185262943002,
横浜Ｆ・マリノス,35.51012,139.60667,OUT,2023/12/26,DF　平井　駿助,レイラック滋賀FC,35.083903,136.196586,期限付き
横浜Ｆ・マリノス,35.51012,139.60667,OUT,2023/12/30,DF　岩田　智輝,セルティックFC(スコットランド),55.849711,-4.205589,期限付き
横浜Ｆ・マリノス,35.51012,139.60667,OUT,2023/1/5,MF　天野　純,全北現代モータース(韓国),35.868111,127.064444,期限付き
横浜Ｆ・マリノス,35.51012,139.60667,OUT,2023/1/31,DF　池田　航,エスペランサSC,35.34893579181553,139.5751118134933,
ＦＣ岐阜,35.4506,136.77518,OUT,2023/1/12,DF　岡村　和哉,ＳＯＮＩＯ高松,34.223296340971686,134.03376474603317,
ＦＣ岐阜,35.4506,136.77518,OUT,2023/1/8,DF　本石　捺,福山シティFC,34.478127533780984,133.4046337691712,
カマタマーレ讃岐,34.26231,133.78615,OUT,2023/11/30,FW　ドゥンガ,鳥栖,33.37176,130.51994,復帰
カマタマーレ讃岐,34.26231,133.78615,OUT,2023/11/24,FW　中村　駿太,山形,38.33677,140.37708,復帰
カマタマーレ讃岐,34.26231,133.78615,OUT,2023/12/13,MF　澤田　健太,福山シティFC,34.478127533780984,133.4046337691712,完全移籍
柏レイソル,35.84892,139.97501,OUT,2023/12/17,FW　ペドロ　ハウル,ヴァスコ・ダ・ガマ(ブラジル),-22.890833,-43.228056,
愛媛ＦＣ,33.76774,132.7959,OUT,2023/1/30,FW　吉田　眞紀人,房総ローヴァーズ木更津FC,35.85123673317715,140.20096937301338,
愛媛ＦＣ,33.76774,132.7959,OUT,2023/1/25,DF　栗山　直樹,HougangUnitedFootballClub(シンガポール),1.3704360161406002,103.8857855809598,
愛媛ＦＣ,33.76774,132.7959,OUT,2023/1/9,DF　内田　健太,FCマルヤス岡崎,34.980725,137.188486,
柏レイソル,35.84892,139.97501,OUT,2023/12/14,MF　ドッジ,サントスFC(ブラジル),-23.950667589264757,-46.338811984642845,
カマタマーレ讃岐,34.26231,133.78615,OUT,2023/12/20,DF　松本　直也,ジェイリースFC,33.2419968588262,131.606773423278,
ガイナーレ鳥取,35.45822,134.2218,OUT,2023/12/28,GK　福留　健吾,YonagoGenkiSC,35.430278,133.349417,
ガイナーレ鳥取,35.45822,134.2218,OUT,2023/12/21,DF　小林　陸玖,FC徳島,34.05491164424227,134.32488291534472,
ＦＣ東京,35.66367,139.5289,OUT,2023/1/6,FW　ルイス　フェリッピ,スポルティングCP(ポルトガル),38.761194,-9.160783,復帰
カマタマーレ讃岐,34.26231,133.78615,OUT,2023/1/5,MF　佐々木　渉,FCマルヤス岡崎,34.980725,137.188486,
ヴァンフォーレ甲府,35.62075,138.58842,OUT,2023/1/6,FW　イゴール,傑志(香港),22.326042,114.173103,
ヴァンフォーレ甲府,35.62075,138.58842,OUT,2023/1/5,FW　ウィリアン　リラ,ケダ・ダルル・アマンFC(マレーシア),6.136021,100.371764,
サガン鳥栖,33.37176,130.51994,OUT,2023/9/28,MF　福井　太智,FCバイエルン・ミュンヘン(ドイツ),48.218611,11.624444,
ツエーゲン金沢,36.57584,136.60526,OUT,2023/12/29,DF　片倉　誠也,アヴェントゥーラ川口,35.82251537159533,139.71307578836104,
ベガルタ仙台,38.31913,140.88171,OUT,2023/10/27,FW　フェリペ　カルドーゾ,サントスFC(ブラジル),-23.950667589264757,-46.338811984642845,復帰
ツエーゲン金沢,36.57584,136.60526,OUT,2023/12/26,MF　田路　耀介,ラインメール青森FC,40.843333,140.840056,
清水エスパルス,34.9849,138.4821,OUT,2023/12/21,FW　川本　梨誉,群馬,36.41157,139.05321,期限付き
清水エスパルス,34.9849,138.4821,OUT,2023/12/7,MF　ヤゴ　ピカチュウ,フォルタレーザEC(ブラジル),-3.807267,-38.522481,期限付き
ジュビロ磐田,34.72311,137.8777,OUT,2023/1/30,DF　大井　健太郎,イースタン・ライオンズSC(オーストラリア),-37.85823564483619,145.1005163479392,
ツエーゲン金沢,36.57584,136.60526,OUT,2023/12/26,DF　稲葉　楽,ラインメール青森FC,40.843333,140.840056,期限付き
清水エスパルス,34.9849,138.4821,OUT,2023/12/30,MF　原　輝綺,グラスホッパー・クラブ・チューリッヒ(スイス),47.382794,8.504364,期限付き
ツエーゲン金沢,36.57584,136.60526,OUT,2023/12/17,MF　島津　頼盛,FCティアモ枚方,34.820111,135.683833,完全移籍
ツエーゲン金沢,36.57584,136.60526,OUT,2023/12/16,MF　塚元　大,Ｇ大阪,34.80179,135.53828,復帰
サガン鳥栖,33.37176,130.51994,OUT,2023/12/29,DF　パク　ゴヌ,浦項スティーラーズ(韓国),35.997781,129.384242,復帰
ＦＣ琉球,26.30946,127.82087,OUT,2023/10/24,MF　ファム　バン　ルアン,サイゴンＦＣ(ベトナム),10.760703,106.663331,復帰
サガン鳥栖,33.37176,130.51994,OUT,2023/1/18,FW　兒玉　澪王斗,鈴鹿ポイントゲッターズ,34.834419,136.515964,期限付き
サガン鳥栖,33.37176,130.51994,OUT,2023/1/20,MF　湯澤　洋介,ジェイリースFC,33.2419968588262,131.606773423278,
清水エスパルス,34.9849,138.4821,OUT,2023/1/28,MF　鈴木　唯人,ラシン・クルブ・ドゥ・ストラスブール・アルザス(フランス),48.560064,7.754969,期限付き
アビスパ福岡,33.5863,130.46143,OUT,2023/1/10,DF　桑原　海人,鈴鹿ポイントゲッターズ,34.834419,136.515964,
栃木ＳＣ,36.5155,139.85779,OUT,2023/1/20,DF　井出　敬大,レイラック滋賀FC,35.083903,136.196586,
ザスパクサツ群馬,36.41157,139.05321,OUT,2023/1/21,DF　光永　祐也,品川CC,35.545558630666434,139.53965282731215,
ザスパクサツ群馬,36.41157,139.05321,OUT,2023/1/5,DF　平尾　壮,レイラック滋賀FC,35.083903,136.196586,
ザスパクサツ群馬,36.41157,139.05321,OUT,2023/12/23,DF　渡辺　広大,VONDS市原FC,35.527903,140.071608,
ザスパクサツ群馬,36.41157,139.05321,OUT,2023/12/21,FW　一木　立一,沖縄SV,26.19117526530234,127.7334960693112,完全移籍
いわきＦＣ,37.01492,140.85928,OUT,2023/1/14,MF　吉田　知樹,高知ユナイテッドSC,33.511064,133.502683,期限付き
ザスパクサツ群馬,36.41157,139.05321,OUT,2023/12/16,DF　阿部　隼人,ＦＣティアモ枚方,34.820111,135.683833,完全移籍
いわきＦＣ,37.01492,140.85928,OUT,2023/12/26,DF　米澤　哲哉,沖縄SV,26.19117526530234,127.7334960693112,
いわきＦＣ,37.01492,140.85928,OUT,2023/12/18,DF　増崎　大虎,コバルトーレ女川,38.453944,141.443778,完全移籍
いわきＦＣ,37.01492,140.85928,OUT,2023/12/22,MF　松本　健太郎,東京23FC,35.655172,139.852433,
いわきＦＣ,37.01492,140.85928,OUT,2023/12/23,GK　田中　勘太,栃木シティフットボールクラブ,36.338477865384256,139.64597419999998,
水戸ホーリーホック,36.34767,140.41379,OUT,2023/1/11,MF　平田　海斗,ラインメール青森FC,40.843333,140.840056,完全移籍
いわきＦＣ,37.01492,140.85928,OUT,2023/12/23,MF　関野　元弥,栃木シティフットボールクラブ,36.338477865384256,139.64597419999998,
いわきＦＣ,37.01492,140.85928,OUT,2023/12/26,DF　小田島　怜,沖縄SV,26.19117526530234,127.7334960693112,
ザスパクサツ群馬,36.41157,139.05321,OUT,2023/11/30,MF　中山　雄登,クリアソン新宿,35.66613677970436,139.52328583068882,
ジェフユナイテッド千葉,35.57467,140.12413,OUT,2023/1/9,FW　チアゴ　デ　レオンソ,アル・ダフラFC(ＵＡＥ),23.66962839394738,53.69343513862239,
ジェフユナイテッド千葉,35.57467,140.12413,OUT,2023/10/27,DF　ダニエル　アウベス,SEパルメイラス(ブラジル),-23.5275,-46.6785,復帰
ブラウブリッツ秋田,39.71941,140.09393,OUT,2023/1/6,FW　半田　航也,ヴェルスパ大分,33.221633754570504,131.65051729102086,期限付き
東京ヴェルディ,35.66367,139.5289,OUT,2023/1/6,DF　宮本　優,高知ユナイテッドSC,33.511064,133.502683,期限付き
モンテディオ山形,38.33677,140.37708,OUT,2023/12/12,MF　廣岡　睦樹,福井ユナイテッドFC,36.190735400514015,136.1322523227494,
モンテディオ山形,38.33677,140.37708,OUT,2023/1/23,FW　木戸　皓貴,ラインメール青森,40.843333,140.840056,
モンテディオ山形,38.33677,140.37708,OUT,2023/1/31,MF　小松　駿太,慶州韓国水力原子力FC(韓国),35.859947,129.212235,
藤枝ＭＹＦＣ,34.8791,138.23276,OUT,2023/1/31,FW　土井　智之,FKバイリス(アルバニア),40.601944,19.740833,
藤枝ＭＹＦＣ,34.8791,138.23276,OUT,2023/1/16,MF　岩間　雄大,ラインメール青森FC,40.843333,140.840056,完全移籍
大分トリニータ,33.20111,131.65639,OUT,2023/11/25,MF　松本　怜,ジェイリースFC,33.2419968588262,131.606773423278,
ヴァンラーレ八戸,40.58717,141.45465,OUT,2023/2/3,DF　廣瀬　智行,TOKYO2020FC,35.6400116052537,139.6313998269866,
ヴァンラーレ八戸,40.58717,141.45465,OUT,2023/2/1,MF　中村　太一,岳南Fモスペリオ,35.195667,138.687056,
ヴァンラーレ八戸,40.58717,141.45465,OUT,2023/1/17,DF　赤松　秀哉,ブリオベッカ浦安,35.627778,139.8925,
ヴァンラーレ八戸,40.58717,141.45465,OUT,2023/1/11,MF　丸岡　悟,ラインメール青森FC,40.843333,140.840056,
ヴァンラーレ八戸,40.58717,141.45465,OUT,2023/1/5,DF　小林　大智,高知ユナイテッドSC,33.511064,133.502683,
ヴァンラーレ八戸,40.58717,141.45465,OUT,2023/12/30,DF　藤井　航大,ジェイリースFC,33.2419968588262,131.606773423278,
ヴァンラーレ八戸,40.58717,141.45465,OUT,2023/12/28,GK　小池　大喜,FC徳島,34.05491164424227,134.32488291534472,
ヴァンラーレ八戸,40.58717,141.45465,OUT,2023/12/13,MF　坪井　一真,FCティアモ枚方,34.820111,135.683833,
ガンバ大阪,34.80179,135.53828,OUT,2023/1/8,MF　チュ　セジョン,大田ハナシチズンFC(韓国),36.365139,127.325167,完全移籍
ガンバ大阪,34.80179,135.53828,OUT,2023/1/26,MF　芝本　蓮,FCティアモ枚方,34.820111,135.683833,
ガンバ大阪,34.80179,135.53828,OUT,2023/1/27,FW　レアンドロ　ペレイラ,ペルセポリス(イラン),35.724442,51.27555,
名古屋グランパス,35.08457,137.17126,OUT,2023/12/22,DF　吉田　晃,栃木シティフットボールクラブ,36.338477865384256,139.64597419999998,
名古屋グランパス,35.08457,137.17126,OUT,2023/1/20,FW　相馬　勇紀,カーザ・ピアAC(ポルトガル),38.737472,-9.203806,期限付き
Ｙ．Ｓ．Ｃ．Ｃ．横浜,35.47043,139.60277,OUT,2023/1/29,FW　古山　蓮,ジョージクロス(オーストラリア),-37.716507859013326,144.7267560730134,
Ｙ．Ｓ．Ｃ．Ｃ．横浜,35.47043,139.60277,OUT,2023/1/14,DF　橋本　恭輔,VONDS市原FC,35.527903,140.071608,
Ｙ．Ｓ．Ｃ．Ｃ．横浜,35.47043,139.60277,OUT,2023/1/9,DF　中村　駿,WhittleseaRangesFC(オーストラリア),-37.625,145.024722,
Ｙ．Ｓ．Ｃ．Ｃ．横浜,35.47043,139.60277,OUT,2023/1/6,MF　神田　夢実,HongKongRangersFootballClub(香港),22.337068,114.152142,
京都サンガF.C.,35.01712,135.58121,OUT,2023/2/1,FW　大前　元紀,南葛SC,35.736706170515355,139.86185262943002,
いわてグルージャ盛岡,39.64796,141.13786,OUT,2023/1/20,FW　キム　ジョンミン,天安シティFC(韓国),36.818679,127.115081,
いわてグルージャ盛岡,39.64796,141.13786,OUT,2023/1/19,MF　中野　雅臣,レイラック滋賀FC,35.083903,136.196586,
いわてグルージャ盛岡,39.64796,141.13786,OUT,2023/1/13,FW　鈴木　魁人,VONDS市原FC,35.527903,140.071608,期限付き
いわてグルージャ盛岡,39.64796,141.13786,OUT,2023/1/13,FW　ブレンネル,PTプラチュワップFC(タイ),11.817598,99.788093,
いわてグルージャ盛岡,39.64796,141.13786,OUT,2023/11/24,MF　石井　圭太,クリアソン新宿,35.66613677970436,139.52328583068882,
名古屋グランパス,35.08457,137.17126,OUT,2023/11/22,DF　チアゴ,Ｃ大阪,34.61045,135.5145,復帰
福島ユナイテッドＦＣ,37.72473,140.3649,OUT,2023/1/14,FW　賀澤　陽友,福井ユナイテッドFC,36.190735400514015,136.1322523227494,完全移籍
福島ユナイテッドＦＣ,37.72473,140.3649,OUT,2023/1/14,DF　八木　大翔,福井ユナイテッドFC,36.190735400514015,136.1322523227494,期限付き
藤枝ＭＹＦＣ,34.8791,138.23276,OUT,2023/1/18,FW　大石　治寿,福井ユナイテッドFC,36.190735400514015,136.1322523227494,
ロアッソ熊本,32.84272,130.79193,OUT,2023/12/23,DF　東野　広太郎,ジェイリースFC,33.2419968588262,131.606773423278,
サンフレッチェ広島,34.43964,132.39497,OUT,2023/1/31,FW　ジュニオール　サントス,フォルタレーザEC(ブラジル),-3.807267,-38.522481,
ヴィッセル神戸,34.65666,135.16966,OUT,2023/11/23,DF　小林　友希,セルティックFC(スコットランド),55.849711,-4.205589,
レノファ山口ＦＣ,34.15754,131.43742,OUT,2023/1/12,FW　岸田　和人,FCバレイン下関,34.04276040208556,131.02677491074812,
レノファ山口ＦＣ,34.15754,131.43742,OUT,2023/1/6,DF　伊東　稜晟,福井ユナイテッドFC,36.190735400514015,136.1322523227494,完全移籍
ファジアーノ岡山,34.68083,133.91856,OUT,2023/12/28,FW　齊藤　和樹,クリアソン新宿,35.66613677970436,139.52328583068882,
ファジアーノ岡山,34.68083,133.91856,OUT,2023/1/5,DF　杉山　耕二,ヴェルスパ大分,33.221633754570504,131.65051729102086,期限付き
藤枝ＭＹＦＣ,34.8791,138.23276,OUT,2023/1/11,FW　押谷　祐樹,福井ユナイテッドFC,36.190735400514015,136.1322523227494,
藤枝ＭＹＦＣ,34.8791,138.23276,OUT,2023/1/10,GK　杉本　拓也,福井ユナイテッドFC,36.190735400514015,136.1322523227494,
藤枝ＭＹＦＣ,34.8791,138.23276,OUT,2023/1/6,MF　堀　研太,ヴェロスクロノス都農,32.26737460748144,131.55778385514444,
ファジアーノ岡山,34.68083,133.91856,OUT,2023/1/11,DF　廣木　雄磨,BoroondaraEaglesFC(オーストラリア),-37.799609736947055,145.0732437079336,
ファジアーノ岡山,34.68083,133.91856,OUT,2023/1/5,MF　松木　駿之介,ヴェルスパ大分,33.221633754570504,131.65051729102086,期限付き
セレッソ大阪,34.61045,135.5145,OUT,2023/12/15,FW　アダム　タガート,パースグローリーFC(オーストラリア),-31.945833,115.87,
Ｖ・ファーレン長崎,32.83737,130.0385,OUT,2023/2/2,GK　浅沼　優瑠,クリアソン新宿,35.66613677970436,139.52328583068882,
セレッソ大阪,34.61045,135.5145,OUT,2023/12/26,DF　丸橋　祐介,BGパトゥムユナイテッドFC(タイ),14.000623,100.67921,期限付き
ロアッソ熊本,32.84272,130.79193,OUT,2023/1/10,MF　小島　圭巽,おこしやす京都AC,34.94415114485965,135.7480206846556,完全移籍
ロアッソ熊本,32.84272,130.79193,OUT,2023/12/26,MF　田尻　康晴,高知ユナイテッドSC,33.511064,133.502683,完全移籍
ロアッソ熊本,32.84272,130.79193,OUT,2023/12/26,FW　樋口　叶,高知ユナイテッドSC,33.511064,133.502683,完全移籍
セレッソ大阪,34.61045,135.5145,OUT,2023/12/1,FW　ブルーノ　メンデス,デポルティーボマルドナド(ウルグアイ),-34.914444,-54.955278,復帰
セレッソ大阪,34.61045,135.5145,OUT,2023/12/1,MF　チャウワット,BGパトゥムユナイテッドFC(タイ),14.000623,100.67921,復帰
ヴィッセル神戸,34.65666,135.16966,OUT,2023/1/11,FW　小田　裕太郎,ハート・オブ・ミドロシアンFC(スコットランド),55.93941244257813,-3.2316002306888025,
ＦＣ琉球,26.30946,127.82087,OUT,2023/10/24,MF　ブー　ホン　クアン,サイゴンＦＣ(ベトナム),10.760703,106.663331,復帰
